fixation id,start timestamp [ns],end timestamp [ns],duration [ms],fixation detected on surface,fixation x [normalized],fixation y [normalized],start_s,end_s,cluster
1,1758902514466689280,1758902514691948288,225.259,1.0,0.825806736946106,0.5022015571594238,0.0,0.225259008,0
2,1758902514892189184,1758902515022314240,130.125,1.0,0.7285059690475464,0.5106883943080902,0.425499904,0.55562496,0
3,1758902515377564160,1758902515462689280,85.125,1.0,0.5694099068641663,0.5489543378353119,0.91087488,0.996,0
4,1758902516053189376,1758902516128314368,75.125,1.0,0.5308192074298859,0.43155437707901,1.586500096,1.661625088,0
5,1758902516798950400,1758902516898939392,99.989,0.0,-0.4222058355808258,0.1050097346305847,2.33226112,2.432250112,-1
6,1758902517299313920,1758902517404439296,105.125,1.0,0.3066945771376292,0.3140064080556233,2.83262464,2.937750016,-1
7,1758902518585577216,1758902518670689280,85.112,1.0,0.4938283463319142,0.4796723922093709,4.118887936,4.204,0
8,1758902519050939392,1758902519126064384,75.125,1.0,0.5047373572985331,0.4095683495203654,4.584250112,4.659375104,0
9,1758902519206194176,1758902519321191168,114.997,1.0,0.5070200363794962,0.4252991676330566,4.739504896,4.854501888,0
10,1758902519911818240,1758902519991814400,79.996,1.0,0.563590427239736,0.392153263092041,5.44512896,5.52512512,0
11,1758902520437314304,1758902520517314304,80.0,1.0,0.5388965904712677,0.442624568939209,5.970625024,6.050625024,0
12,1758902520597439232,1758902520697564160,100.125,1.0,0.5207029382387797,0.4461328188578288,6.130749952,6.23087488,0
14,1758902522504189184,1758902522634314496,130.125,1.0,0.2980441252390544,0.3952881693840027,8.037499904,8.167625216,-1
15,1758902531732689408,1758902531812814336,80.125,1.0,0.6662848591804504,0.6917990297079086,17.266000128,17.346125056,0
16,1758902532793693184,1758902532888814336,95.121,1.0,0.6927812894185384,0.6951390107472738,18.327003904,18.422125056,0
17,1758902533149064192,1758902533229075200,80.011,1.0,0.6409735381603241,0.6899143606424332,18.682374912,18.76238592,0
18,1758902535626314496,1758902535736439552,110.125,1.0,0.6627626617749532,0.6559518873691559,21.159625216,21.269750272,0
19,1758902535866564352,1758902535976688896,110.125,1.0,0.7087613940238953,0.6984805166721344,21.399875072,21.509999616,0
20,1758902536467078400,1758902536607314176,140.236,1.0,0.7113758027553558,0.7071307450532913,22.00038912,22.140624896,0
21,1758902537077689344,1758902537192826368,115.137,1.0,0.4998171254992485,0.6059996709227562,22.611000064,22.726137088,0
22,1758902539955313920,1758902540060439296,105.125,1.0,0.3021304408709208,0.5682864387830099,25.48862464,25.593750016,0
23,1758902540375814400,1758902540560939264,185.125,1.0,0.3460363864898682,0.5515480816364289,25.90912512,26.094249984,0
24,1758902541156443392,1758902541281568256,125.125,1.0,0.4823405891656875,0.565681703388691,26.689754112,26.814878976,0
25,1758902541561814272,1758902541636944640,75.13,1.0,0.498570849498113,0.5453261037667593,27.095124992,27.17025536,0
26,1758902542928064256,1758902543003189248,75.125,1.0,0.6116252740224203,0.5715760489304861,28.461374976,28.536499968,0
27,1758902543838939392,1758902543984068352,145.129,1.0,0.6733475476503372,0.6456956118345261,29.372250112,29.517379072,0
28,1758902545535564544,1758902545630570240,95.006,1.0,0.6906836231549581,0.5235961576302847,31.068875264,31.16388096,0
29,1758902546056064256,1758902546151064320,95.0,1.0,0.6604330539703369,0.5398857990900675,31.589374976,31.68437504,0
30,1758902546406314240,1758902546541451264,135.137,1.0,0.6684193015098572,0.5409683485825857,31.93962496,32.074761984,0
31,1758902546771689216,1758902546906814208,135.125,1.0,0.6926801800727844,0.5909782871603966,32.304999936,32.440124928,0
32,1758902547197064192,1758902547357189376,160.125,1.0,0.635462075471878,0.5450658053159714,32.730374912,32.890500096,0
33,1758902547722564352,1758902547797689344,75.125,1.0,0.6586828827857971,0.5511788030465444,33.255875072,33.331000064,0
34,1758902548468200192,1758902548588314368,120.114,1.0,0.5594908992449442,0.4876510302225749,34.001510912,34.121625088,0
35,1758902550309939200,1758902550415064320,105.125,1.0,0.3971364597479502,0.5575518508752187,35.84324992,35.94837504,0
36,1758902552131697920,1758902552216689408,84.991,1.0,0.3076935907204945,0.5494235654671987,37.66500864,37.750000128,0
37,1758902552501939200,1758902552572064512,70.125,1.0,0.3514190514882405,0.5332869986693064,38.03524992,38.105375232,0
38,1758902552712189184,1758902552812314368,100.125,1.0,0.3381561636924743,0.5336452424526215,38.245499904,38.345625088,0
39,1758902553287689216,1758902553392814336,105.125,1.0,0.4177561551332474,0.4738348126411438,38.820999936,38.926125056,0
40,1758902553527939328,1758902553608064256,80.125,1.0,0.3980841338634491,0.4336149891217549,39.061250048,39.141374976,0
41,1758902555069314304,1758902555149439232,80.125,1.0,0.3081896752119064,0.5676960349082947,40.602625024,40.682749952,0
42,1758902556710939392,1758902556785939200,75.0,1.0,0.094298280775547,0.7919636517763138,42.244250112,42.31924992,-1
43,1758902560234189312,1758902560424314368,190.125,1.0,0.4424754738807678,0.461607825756073,45.767500032,45.957625088,0
44,1758902560784689152,1758902560919814400,135.125,1.0,0.5822907090187073,0.5388354808092117,46.317999872,46.45312512,0
45,1758902560969818368,1758902561129939200,160.12099999999998,1.0,0.4522657454013824,0.4192411780357361,46.503129088,46.66324992,0
46,1758902561520314368,1758902561650439168,130.125,1.0,0.4119520584742228,0.4691458145777384,47.053625088,47.183749888,0
47,1758902563276939264,1758902563372064000,95.125,1.0,0.602920393149058,0.4127216736475627,48.810249984,48.90537472,0
48,1758902563392064256,1758902563817439232,425.375,1.0,0.6200451519754198,0.4337565302848816,48.925374976,49.350749952,0
49,1758902563837564160,1758902563922569216,85.005,1.0,0.6478873789310455,0.4925110042095184,49.37087488,49.455879936,0
50,1758902564007694336,1758902564182814208,175.12,1.0,0.6480252861976623,0.4982039272785187,49.541005056,49.716124928,0
51,1758902564207814400,1758902564398064384,190.25,1.0,0.6419817209243774,0.4663804054260254,49.74112512,49.931375104,0
52,1758902564423064320,1758902564743314176,320.25,1.0,0.6410999383245196,0.4491660850388663,49.95637504,50.276624896,0
53,1758902564788439296,1758902564998564352,210.125,1.0,0.663417387008667,0.4695356965065002,50.321750016,50.531875072,0
54,1758902565258814208,1758902565363949312,105.135,1.0,0.6793058961629868,0.4326738119125366,50.792124928,50.897260032,0
55,1758902565383939328,1758902565534064384,150.125,1.0,0.6875126510858536,0.4303026050329208,50.917250048,51.067375104,0
56,1758902565929439232,1758902566104564224,175.125,1.0,0.6910826921463012,0.4837228059768677,51.462749952,51.637874944,0
57,1758902566124564224,1758902566224689152,100.125,1.0,0.6961142818133036,0.492902676264445,51.657874944,51.757999872,0
58,1758902566339814400,1758902566524939264,185.125,1.0,0.7126803517341613,0.516055554151535,51.87312512,52.058249984,0
59,1758902566570064384,1758902566885314304,315.25,1.0,0.7470409018652779,0.5406819028513772,52.103375104,52.418625024,0
60,1758902567520939264,1758902567600939264,80.0,1.0,0.743529478708903,0.5380325218041738,53.054249984,53.134249984,0
61,1758902567971314432,1758902568071439360,100.125,1.0,0.7117138107617696,0.5136316617329916,53.504625152,53.60475008,0
62,1758902568096439296,1758902568171564288,75.125,1.0,0.7108233372370402,0.5215966006120046,53.629750016,53.704875008,0
63,1758902568306697216,1758902568401689344,94.992,1.0,0.6949870785077413,0.5162770748138428,53.840007936,53.935000064,0
64,1758902568436814592,1758902568521814272,85.0,1.0,0.6955525477727255,0.5107601881027222,53.970125312,54.055124992,0
65,1758902568847189248,1758902568937189376,90.0,1.0,0.6513995925585429,0.5105740427970886,54.380499968,54.470500096,0
66,1758902569417689344,1758902569527814400,110.125,1.0,0.566194474697113,0.4908834099769592,54.951000064,55.06112512,0
67,1758902569813077248,1758902569903075328,89.99799999999999,1.0,0.5523578921953837,0.4942412773768107,55.346387968,55.436386048,0
68,1758902569923189504,1758902570028201216,105.012,1.0,0.5977513988812765,0.495607574780782,55.456500224,55.561511936,0
69,1758902570428564224,1758902570503689216,75.125,1.0,0.604764997959137,0.5011270046234131,55.961874944,56.036999936,0
70,1758902570678813952,1758902570783949568,105.135,1.0,0.55625452597936,0.5055845975875854,56.212124672,56.317260288,0
71,1758902571194314240,1758902571384441344,190.127,1.0,0.4629000723361969,0.4871241807937622,56.72762496,56.917752064,0
72,1758902571729824512,1758902571814939392,85.115,1.0,0.524474024772644,0.4706333478291829,57.263135232,57.348250112,0
73,1758902572020064256,1758902572235314176,215.25,1.0,0.5647606968879699,0.4830927491188049,57.553374976,57.768624896,0
74,1758902578646190336,1758902578731315200,85.125,1.0,0.7037804126739502,0.7791091501712799,64.179501056,64.26462592,1
75,1758902579256815360,1758902579366939904,110.125,1.0,0.7847046653429667,0.7282376488049825,64.79012608,64.900250624,2
76,1758902580598065152,1758902580698190592,100.125,1.0,0.7003957827885946,0.6515070001284281,66.131375872,66.231501312,0
77,1758902585262315264,1758902585347444224,85.12899999999999,1.0,0.2971173822879791,0.7228376567363739,70.795625984,70.880754944,0
78,1758902586303315200,1758902586408445184,105.13,1.0,0.3862440486749013,0.6966344912846884,71.83662592,71.941755904,0
79,1758902586693690368,1758902586798815232,105.125,1.0,0.4710591435432434,0.7496827145417532,72.227001088,72.332125952,0
80,1758902588820690176,1758902588925815552,105.125,1.0,0.3639598190784454,0.6764301955699921,74.354000896,74.459126272,0
81,1758902589000815360,1758902589075940352,75.125,1.0,0.3827256858348846,0.6679710149765015,74.53412608,74.609251072,0
82,1758902589926690304,1758902590126815232,200.125,1.0,0.2230608642101287,0.6524945735931397,75.460001024,75.660125952,0
83,1758902590146940160,1758902590231940352,85.0,1.0,0.2487956508994102,0.6571028232574463,75.68025088,75.765251072,0
84,1758902590387078400,1758902590462190336,75.112,1.0,0.2296701297163963,0.6275177597999573,75.92038912,75.995501056,0
85,1758902590992697344,1758902591117815040,125.118,1.0,0.3307374517122904,0.6410394112269083,76.526008064,76.65112576,0
86,1758902591633325312,1758902591728315392,94.99,1.0,0.3844318389892578,0.6307110587755839,77.166636032,77.261626112,0
87,1758902592509065216,1758902592624190208,115.125,1.0,0.502786656220754,0.7338512937227885,78.042375936,78.157500928,0
88,1758902592644190208,1758902592754315264,110.125,1.0,0.5243211835622787,0.7255728244781494,78.177500928,78.287625984,0
89,1758902592774320384,1758902592919452160,145.132,1.0,0.5134668052196503,0.7269375324249268,78.307631104,78.45276288,0
90,1758902592939443200,1758902593054565376,115.122,1.0,0.5062169879674911,0.7284640967845917,78.47275392,78.587876096,0
91,1758902593144690176,1758902593219695360,75.005,1.0,0.4000730067491531,0.616813912987709,78.678000896,78.75300608,0
92,1758902593344815360,1758902593580065280,235.25,1.0,0.3485557198524475,0.6536093413829803,78.87812608,79.113376,0
93,1758902593885315328,1758902593960440320,75.125,1.0,0.3421714901924133,0.6647428721189499,79.418626048,79.49375104,0
94,1758902594836190208,1758902594961315072,125.125,1.0,0.2355024367570877,0.6236385504404703,80.369500928,80.494625792,0
95,1758902595211565312,1758902595371690240,160.125,1.0,0.2769028320908546,0.6013740226626396,80.744876032,80.90500096,0
96,1758902595561940224,1758902595661939968,100.0,1.0,0.2281638036171595,0.60286545753479,81.095250944,81.195250688,0
97,1758902595772069120,1758902595887190272,115.121,1.0,0.300409863392512,0.6119320094585419,81.30537984,81.420500992,0
98,1758902596077440256,1758902596192440320,115.0,1.0,0.3454578618208567,0.6037921806176504,81.610750976,81.72575104,0
99,1758902596277565184,1758902596402692352,125.127,1.0,0.3531723991036415,0.5997189804911613,81.810875904,81.936003072,0
100,1758902596567815168,1758902596672940288,105.125,1.0,0.3140394488970439,0.6159722606341044,82.101125888,82.206251008,0
101,1758902596898190336,1758902596978190336,80.0,1.0,0.3083106577396393,0.5979303866624832,82.431501056,82.511501056,0
102,1758902597073323264,1758902597208440320,135.117,1.0,0.3085804805159569,0.6064853444695473,82.606633984,82.74175104,0
103,1758902597303565312,1758902597388565248,85.0,1.0,0.4212164382139842,0.6040745278199514,82.836876032,82.921875968,0
104,1758902597548690176,1758902597628815360,80.125,1.0,0.2927062710126241,0.6001993616422018,83.082000896,83.16212608,0
105,1758902598189315328,1758902598264440064,75.125,1.0,0.3086369335651397,0.6242991288503011,83.722626048,83.797750784,0
106,1758902598854941184,1758902599040065280,185.124,1.0,0.3078301399946213,0.5911118015646935,84.388251904,84.573376,0
107,1758902599440440320,1758902599640690176,200.25,1.0,0.3040992081165313,0.5813965678215027,84.97375104,85.174000896,0
108,1758902600341315328,1758902600426440192,85.125,1.0,0.2978994101285934,0.5897578448057175,85.874626048,85.959750912,0
109,1758902601887815168,1758902602047940352,160.125,1.0,0.2813794687390327,0.5476150438189507,87.421125888,87.581251072,0
110,1758902602948690176,1758902603038815232,90.125,1.0,0.2495812401175499,0.5746374577283859,88.482000896,88.572125952,0
111,1758902603484190208,1758902603649450240,165.26,1.0,0.2977232813835144,0.5805215656757354,89.017500928,89.18276096,0
112,1758902604189940480,1758902604274940160,85.0,1.0,0.2012534389893213,0.4872598846753438,89.7232512,89.80825088,0
113,1758902604980573184,1758902605075690240,95.117,1.0,0.2985069851080577,0.4678083658218384,90.513883904,90.60900096,0
114,1758902605150815232,1758902605245940480,95.125,1.0,0.3105203111966451,0.456827163696289,90.684125952,90.7792512,0
115,1758902605846440192,1758902606151690240,305.25,1.0,0.3956568092107773,0.4934538751840591,91.379750912,91.68500096,0
116,1758902606251815168,1758902606326940160,75.125,1.0,0.3638569712638855,0.4434750974178314,91.785125888,91.86025088,0
117,1758902606772315392,1758902606932440320,160.125,1.0,0.3899759203195572,0.4763504117727279,92.305626112,92.46575104,0
118,1758902608273690368,1758902608363815168,90.125,1.0,0.4183460970719655,0.5378950436909994,93.807001088,93.897125888,0
119,1758902608533940224,1758902608628951296,95.011,1.0,0.4566666781902313,0.6263590355714163,94.067250944,94.162262016,0
120,1758902608799190272,1758902608889315328,90.125,1.0,0.424457182486852,0.5984478493531545,94.332500992,94.422626048,0
121,1758902608979315200,1758902609109440256,130.125,1.0,0.433316521346569,0.6143199950456619,94.51262592,94.642750976,0
122,1758902611141331200,1758902611266440192,125.109,1.0,0.4599995017051697,0.4999267657597859,96.67464192,96.799750912,0
123,1758902611416565248,1758902611501698304,85.133,1.0,0.4552861750125885,0.5281390696763992,96.949875968,97.035009024,0
124,1758902611551690240,1758902611671817216,120.127,1.0,0.4925902336835861,0.4719899594783783,97.08500096,97.205127936,0
125,1758902611851948288,1758902611987065344,135.117,1.0,0.4290178120136261,0.5619863942265511,97.385259008,97.520376064,0
126,1758902612127315200,1758902612232319232,105.00399999999998,1.0,0.483695109685262,0.5563893914222717,97.66062592,97.765629952,0
127,1758902612577694464,1758902612662690560,84.996,1.0,0.3698435723781585,0.5168028473854065,98.111005184,98.19600128,0
128,1758902613013064960,1758902613098190080,85.125,1.0,0.5000021457672119,0.5357158680756887,98.54637568,98.6315008,0
129,1758902613413440256,1758902613498565376,85.125,1.0,0.4830347001552582,0.4952578743298848,98.946750976,99.031876096,0
130,1758902613643690240,1758902613723690240,80.0,1.0,0.4923801720142364,0.518103763461113,99.17700096,99.25700096,0
131,1758902613813815296,1758902613923940352,110.125,1.0,0.5132145086924235,0.5389506121476492,99.347126016,99.457251072,0
132,1758902614724690176,1758902614859815168,135.125,1.0,0.6016709407170614,0.595303455988566,100.258000896,100.393125888,0
133,1758902615049940224,1758902615145071360,95.131,1.0,0.5516906380653381,0.4893919030825297,100.583250944,100.67838208,0
134,1758902615400315648,1758902615500448512,100.133,1.0,0.4414780835310618,0.4787445863087972,100.933626368,101.033759232,0
135,1758902615775697664,1758902615885690112,109.993,1.0,0.3782221774260203,0.4830898642539978,101.309008384,101.419000832,0
136,1758902616055940352,1758902616176065280,120.125,1.0,0.2186381866534551,0.5008973677953085,101.589251072,101.709376,0
137,1758902616306190336,1758902616531316224,225.126,1.0,0.3275308787822723,0.5273923516273499,101.839501056,102.064626944,0
138,1758902616706440192,1758902617036815360,330.375,1.0,0.1974237505346536,0.5035645067691803,102.239750912,102.57012608,0
139,1758902617131940352,1758902617211942400,80.002,1.0,0.1928531527519226,0.5119697600603104,102.665251072,102.74525312,0
140,1758902617236940288,1758902617377066240,140.126,1.0,0.2027992010116577,0.5225966647267342,102.770251008,102.91037696,0
141,1758902617552315392,1758902617647315200,95.0,1.0,0.258888840675354,0.5284895896911621,103.085626112,103.18062592,0
142,1758902617737445376,1758902617927690240,190.245,1.0,0.2670619368553161,0.4916614532470703,103.270756096,103.46100096,0
143,1758902618888565504,1758902618973565184,85.0,1.0,0.3627314766248067,0.5211682418982188,104.421876224,104.506875904,0
144,1758902619028690176,1758902619128691968,100.002,1.0,0.3538876076539357,0.5202244222164154,104.562000896,104.662002688,0
145,1758902619704315136,1758902619794315264,90.0,1.0,0.3538537422815959,0.5036872923374176,105.237625856,105.327625984,0
146,1758902620084692224,1758902620394940160,310.248,1.0,0.5362274547417959,0.5628377397855123,105.618002944,105.92825088,0
148,1758902620680194304,1758902620905440256,225.246,1.0,0.7588233053684235,0.5489521473646164,106.213505024,106.438750976,0
149,1758902621205694208,1758902621400815360,195.121,1.0,0.8183521032333374,0.5058303117752075,106.739004928,106.93412608,0
150,1758902621761189120,1758902621891325184,130.136,1.0,0.8150526682535807,0.5460306107997894,107.29449984,107.424635904,0
151,1758902622296690176,1758902622722069248,425.379,1.0,0.8187520742416382,0.5505636841058731,107.830000896,108.255379968,0
152,1758902623142442240,1758902623252565248,110.123,1.0,0.6756550272305807,0.4950119654337565,108.67575296,108.785875968,0
153,1758902624128439296,1758902624233439232,105.0,1.0,0.6309064428011576,0.484535535176595,109.661750016,109.766749952,0
154,1758902624618814208,1758902624763939584,145.125,1.0,0.5935563643773397,0.5019320249557495,110.152124928,110.297250304,0
155,1758902625349564160,1758902625434564352,85.0,1.0,0.7631627519925436,0.552685409784317,110.88287488,110.967875072,0
156,1758902626925939456,1758902627006064384,80.125,1.0,0.8750594854354858,0.5849045614401499,112.459250176,112.539375104,0
157,1758902627146189568,1758902627231314176,85.125,1.0,0.8388018210728964,0.6130895217259725,112.679500288,112.764624896,0
158,1758902628362314240,1758902628542439168,180.125,1.0,0.8365931212902069,0.6522998586297035,113.89562496,114.075749888,0
159,1758902628637564160,1758902628827689216,190.125,1.0,0.8131553649902343,0.6685959935188294,114.17087488,114.360999936,0
160,1758902628932814080,1758902629042943232,110.12899999999998,1.0,0.8424357970555624,0.6683201988538107,114.4661248,114.576253952,0
161,1758902637040314368,1758902637120439296,80.125,1.0,0.6140885055065155,0.726824939250946,122.573625088,122.653750016,0
162,1758902637470689280,1758902637565822208,95.133,1.0,0.6175313790639242,0.7054631809393564,123.004,123.099132928,0
163,1758902638982188288,1758902639057189632,75.00099999999999,1.0,0.5642883578936259,0.6890293260415395,124.515499008,124.590500352,0
164,1758902642705563392,1758902642790688256,85.125,1.0,0.4909678697586059,0.6470512449741364,128.238874112,128.323998976,0
165,1758902642845688320,1758902642920813312,75.125,1.0,0.4796473979949951,0.6514695137739182,128.37899904,128.454124032,0
166,1758902644442188544,1758902644557313280,115.125,1.0,0.6721999645233154,0.655817319949468,129.975499264,130.090624,0
167,1758902645493188352,1758902645593313280,100.125,1.0,0.7780052026112875,0.7547169029712677,131.026499072,131.126624,2
168,1758902645728438272,1758902645908563200,180.125,1.0,0.763680899143219,0.7379425346851349,131.261748992,131.44187392,2
169,1758902646384069376,1758902646474063104,89.99399999999999,1.0,0.6649437348047892,0.6591205994288126,131.917380096,132.007373824,0
170,1758902646844438272,1758902646974563328,130.125,1.0,0.5713251431783041,0.6276671091715494,132.377748992,132.507874048,0
171,1758902647815313408,1758902648125563392,310.25,1.0,0.5228019505739212,0.5969531908631325,133.348624128,133.658874112,0
172,1758902648576063232,1758902648671063296,95.0,1.0,0.4941424230734507,0.6225256621837616,134.109373952,134.204374016,0
173,1758902648871313408,1758902648956438272,85.125,1.0,0.514782706896464,0.6498923897743225,134.404624128,134.489748992,0
174,1758902649376813312,1758902649471813376,95.0,1.0,0.5655332406361898,0.6177527805169424,134.910124032,135.005124096,0
175,1758902649667067136,1758902649767193344,100.126,1.0,0.5579646428426107,0.6215733885765076,135.200377856,135.300504064,0
176,1758902650492813312,1758902650572938240,80.125,1.0,0.5440519154071808,0.6129732131958008,136.026124032,136.10624896,0
177,1758902650718063360,1758902650803074304,85.011,1.0,0.5309897859891256,0.6190692782402039,136.25137408,136.336385024,0
178,1758902651583813376,1758902651668937984,85.125,1.0,0.5487300157546997,0.605568120876948,137.117124096,137.202248704,0
179,1758902651969187072,1758902652204439296,235.252,1.0,0.5244940419991811,0.6085482239723206,137.502497792,137.737750016,0
180,1758902653020187904,1758902653100198656,80.00999999999999,1.0,0.5378549695014954,0.6257974207401276,138.553498624,138.633509376,0
181,1758902653250312192,1758902653370438400,120.126,1.0,0.5431379477183024,0.6149950921535492,138.783622912,138.90374912,0
182,1758902653435562240,1758902653630687232,195.125,1.0,0.5305543780326843,0.5999332189559936,138.96887296,139.163997952,0
183,1758902653725811968,1758902653810937088,85.125,1.0,0.5907854040463766,0.6161522269248962,139.259122688,139.344247808,0
184,1758902653890937600,1758902654001073152,110.136,1.0,0.5804097652435303,0.6076443394025167,139.42424832,139.534383872,0
185,1758902654051078400,1758902654176187392,125.109,1.0,0.585911437869072,0.6173746138811111,139.58438912,139.709498112,0
186,1758902654246312192,1758902654351437056,105.125,1.0,0.6783016721407572,0.6528554658095042,139.779622912,139.884747776,0
187,1758902654431437312,1758902654641687296,210.25,1.0,0.6829072594642639,0.6151593804359436,139.964748032,140.174998016,0
188,1758902654716687360,1758902654821812224,105.125,1.0,0.6661227742830912,0.6143843034903208,140.24999808,140.355122944,0
189,1758902654841812224,1758902654941936896,100.125,1.0,0.6156858007113138,0.6218237578868866,140.375122944,140.475247616,0
190,1758902655012062208,1758902655147187200,135.125,1.0,0.6141308744748434,0.6063997646172842,140.545372928,140.68049792,0
191,1758902655207187200,1758902655317312256,110.125,1.0,0.6228094299634298,0.630263994137446,140.74049792,140.850622976,0
192,1758902655572570368,1758902655687687168,115.117,1.0,0.6310447057088217,0.6392443577448527,141.105881088,141.220997888,0
193,1758902655862812160,1758902656032937216,170.125,1.0,0.6430528610944748,0.6203891634941101,141.39612288,141.566247936,0
194,1758902656072937216,1758902656223062272,150.125,1.0,0.6765885949134827,0.6050513982772827,141.606247936,141.756372992,0
195,1758902656268187392,1758902656388313344,120.126,1.0,0.6728697816530863,0.5945945878823599,141.801498112,141.921624064,0
196,1758902656543443200,1758902656693564160,150.12099999999998,1.0,0.702574759721756,0.6498310565948486,142.07675392,142.22687488,0
197,1758902656968812288,1758902657073937408,105.125,1.0,0.9257463812828064,0.219977597395579,142.502123008,142.607248128,-1
198,1758902659325937152,1758902659456066304,130.129,1.0,0.691318467259407,0.6466159000992775,144.859247872,144.989377024,0
199,1758902659516187392,1758902659646328320,130.141,1.0,0.6811136454343796,0.6494634374976158,145.049498112,145.17963904,0
200,1758902659701312256,1758902659831437312,130.125,1.0,0.6846827268600464,0.657957504192988,145.234622976,145.364748032,0
201,1758902659981562624,1758902660066687232,85.125,1.0,0.6040259202321371,0.5670709510644277,145.514873344,145.599997952,0
202,1758902660241812224,1758902660331937024,90.125,1.0,0.5470783313115438,0.5526341398557028,145.775122944,145.865247744,0
203,1758902660482068224,1758902660592187392,110.119,1.0,0.5213544766108195,0.5439532995223999,146.015378944,146.125498112,0
204,1758902660887437312,1758902660977562368,90.125,1.0,0.5218307773272196,0.5284454623858134,146.420748032,146.510873088,0
205,1758902661022562304,1758902661142686976,120.125,1.0,0.4585804442564646,0.5646705130736033,146.555873024,146.675997696,0
206,1758902661272812288,1758902661352937216,80.125,1.0,0.5130180418491364,0.5391217321157455,146.806123008,146.886247936,0
207,1758902661643187200,1758902661733187328,90.0,1.0,0.5118541320164999,0.5319428741931915,147.17649792,147.266498048,0
208,1758902661888312320,1758902661963437312,75.125,1.0,0.49540842572848,0.5267705917358398,147.42162304,147.496748032,0
209,1758902662558937344,1758902662664062208,105.125,1.0,0.4685963491598765,0.5488909880320231,148.092248064,148.197372928,0
210,1758902663289686272,1758902663424812288,135.126,1.0,0.4408151606718699,0.5928758482138315,148.822996992,148.958123008,0
211,1758902664861193216,1758902664946186240,84.993,1.0,0.458254337310791,0.5551354438066483,150.394503936,150.47949696,0
212,1758902665241436160,1758902665351561216,110.125,1.0,0.4634292225042979,0.5930401384830475,150.77474688,150.884871936,0
213,1758902666272444160,1758902666397561344,125.117,1.0,0.5073776245117188,0.5476333945989609,151.80575488,151.930872064,0
214,1758902666452561408,1758902666587686400,135.125,1.0,0.5668862760066986,0.5403712391853333,151.985872128,152.12099712,0
215,1758902666682811392,1758902666787936256,105.125,1.0,0.5499119460582733,0.5351630598306656,152.216122112,152.321246976,0
216,1758902667148193280,1758902667223311360,75.118,1.0,0.4616375416517257,0.5323838591575623,152.681504,152.75662208,0
217,1758902667458561280,1758902667553561344,95.0,1.0,0.479759285847346,0.5566038091977438,152.991872,153.086872064,0
218,1758902667953936384,1758902668029061376,75.125,1.0,0.4301633238792419,0.5864937404791514,153.487247104,153.562372096,0
219,1758902668394436352,1758902668519561216,125.125,1.0,0.3820522427558899,0.6057441383600235,153.927747072,154.052871936,0
220,1758902668719686400,1758902668819815168,100.12899999999998,1.0,0.3200382788976033,0.5922111968199412,154.25299712,154.353125888,0
221,1758902669105061376,1758902669190186240,85.125,1.0,0.3068872839212417,0.6054787337779999,154.638372096,154.72349696,0
222,1758902669505436160,1758902669695561216,190.125,1.0,0.3736617982387543,0.596820592880249,155.03874688,155.228871936,0
223,1758902669980822272,1758902670080937216,100.115,1.0,0.3229021529356639,0.6075311998526255,155.514132992,155.614247936,0
224,1758902670136061184,1758902670246063360,110.002,1.0,0.3312218983968099,0.6102650364240011,155.669371904,155.77937408,0
225,1758902670891686656,1758902670981811200,90.125,1.0,0.3845008015632629,0.6423842509587606,156.424997376,156.51512192,0
226,1758902672117810176,1758902672252936192,135.126,1.0,0.4653367325663566,0.6627091616392136,157.651120896,157.786246912,0
227,1758902675495935232,1758902675571072256,75.137,1.0,0.2466879387696584,0.7291863361994425,161.029245952,161.104382976,0
228,1758902676216685312,1758902676311689216,95.00399999999998,1.0,0.282932698726654,0.7910951127608618,161.749996032,161.844999936,3
229,1758902677027435264,1758902677152560384,125.125,1.0,0.2750943377614021,0.7374551296234131,162.560745984,162.685871104,0
230,1758902677662935296,1758902677778060288,115.125,1.0,0.2321702130138874,0.7515578344464302,163.196246016,163.311371008,0
231,1758902678123435264,1758902678228560640,105.125,1.0,0.2292705724636713,0.6958563526471456,163.656745984,163.76187136,0
232,1758902678253560576,1758902678333560064,80.0,1.0,0.2288274665673574,0.7048812508583069,163.786871296,163.866870784,0
233,1758902678849061632,1758902678944188160,95.127,1.0,0.2469283243020375,0.7281922698020935,164.382372352,164.47749888,0
234,1758902679139310336,1758902679229435136,90.125,1.0,0.2769401570161183,0.6845264037450155,164.672621056,164.762745856,0
235,1758902679319560192,1758902679494696192,175.136,1.0,0.2801177382469177,0.7158639311790467,164.852870912,165.028006912,0
236,1758902680475570176,1758902680550685440,75.115,1.0,0.3257878124713897,0.6931512256463369,166.008880896,166.08399616,0
237,1758902680745810176,1758902680865935360,120.125,1.0,0.3023824691772461,0.7199449936548868,166.279120896,166.39924608,0
238,1758902681156185344,1758902681241313280,85.128,1.0,0.2388535290956497,0.7187148829301199,166.689496064,166.774624,0
239,1758902681311436032,1758902681551559936,240.124,1.0,0.2780801157156626,0.6855574250221252,166.844746752,167.084870656,0
240,1758902681591685376,1758902681681685248,90.0,1.0,0.2367199063301086,0.7271390159924825,167.124996096,167.214995968,0
241,1758902681992060160,1758902682162185216,170.125,1.0,0.2855783879756927,0.6498690247535706,167.52537088,167.695495936,0
242,1758902682337314304,1758902682502439168,165.125,1.0,0.2499297112226486,0.6671121060848236,167.870625024,168.035749888,0
243,1758902683103060224,1758902683233185024,130.125,1.0,0.3397901356220245,0.7132634520530701,168.636370944,168.766495744,0
244,1758902683593435392,1758902683758684160,165.249,1.0,0.2748352736234665,0.6520076915621758,169.126746112,169.29199488,0
245,1758902684028935168,1758902684128942336,100.007,1.0,0.2854375541210174,0.6541625658671061,169.562245888,169.662253056,0
246,1758902684224059392,1758902684359195904,135.137,1.0,0.3022316793600718,0.6535633007685343,169.757370112,169.892506624,0
247,1758902684649434368,1758902684744559360,95.125,1.0,0.3013433913389842,0.6657799581686655,170.182745088,170.27787008,0
248,1758902684909685248,1758902684989809152,80.124,1.0,0.2838076651096344,0.6662392020225525,170.442995968,170.523119872,0
249,1758902685084814336,1758902685179933952,95.12,1.0,0.3172579010327657,0.6422692537307739,170.618125056,170.713244672,0
250,1758902685310059264,1758902685395184384,85.125,1.0,0.3206590116024017,0.630586177110672,170.843369984,170.928495104,0
251,1758902685720433920,1758902685800559360,80.125,1.0,0.2433796723683675,0.6347917914390564,171.25374464,171.33387008,0
252,1758902685920684288,1758902686005684224,85.0,1.0,0.297721525033315,0.6243435243765513,171.453995008,171.538994944,0
253,1758902686025684224,1758902686150818304,125.134,1.0,0.2926853746175766,0.6222291067242622,171.558994944,171.684129024,0
254,1758902688077683968,1758902688192809216,115.125,1.0,0.2652392884095509,0.5982628464698792,173.610994688,173.726119936,0
255,1758902688563059200,1758902688638184192,75.125,1.0,0.2739843130111694,0.5365427285432816,174.09636992,174.171494912,0
256,1758902688913434368,1758902689018559232,105.125,1.0,0.2881062229474385,0.567810595035553,174.446745088,174.551869952,0
257,1758902689048559360,1758902689148684288,100.125,1.0,0.2934967875480652,0.5755849778652191,174.58187008,174.681995008,0
258,1758902689163684608,1758902689273810176,110.126,1.0,0.2883734206358592,0.597008099158605,174.696995328,174.807120896,0
259,1758902691095435264,1758902691190559488,95.12399999999998,1.0,0.8509233395258585,0.7669277588526408,176.628745984,176.723870208,4
260,1758902691295684352,1758902691380684032,85.0,1.0,0.8850093682607015,0.8060365070899328,176.828995072,176.913994752,4
261,1758902691395684352,1758902691490809088,95.125,1.0,0.8597084681193033,0.7814674427111944,176.928995072,177.024119808,4
262,1758902691701059328,1758902691806059264,105.0,1.0,0.857537031173706,0.7442372888326645,177.234370048,177.339369984,4
263,1758902692656934400,1758902692797059328,140.125,1.0,0.8297268599271774,0.7006837502121925,178.19024512,178.330370048,0
264,1758902692932184320,1758902693037184256,105.0,1.0,0.84706249833107,0.6519360542297363,178.46549504,178.570494976,0
265,1758902693057309184,1758902693212433408,155.124,1.0,0.8585512787103653,0.6221799850463867,178.590619904,178.745744128,0
266,1758902693327558400,1758902693417559296,90.00099999999999,1.0,0.8450274467468262,0.649080773194631,178.86086912,178.950870016,0
267,1758902693777933312,1758902693863058176,85.125,1.0,0.7699950039386749,0.6143476068973541,179.311244032,179.396368896,-1
268,1758902693928068352,1758902694043190272,115.122,1.0,0.8487168550491333,0.668410042921702,179.461379072,179.576500992,0
269,1758902694453559296,1758902694543690496,90.131,1.0,0.7135883569717407,0.6761584480603536,179.986870016,180.077001216,0
270,1758902695429433344,1758902695534558208,105.125,1.0,0.7316996653874716,0.5375423928101858,180.962744064,181.067868928,0
271,1758902696440433152,1758902696605558272,165.125,1.0,0.7323572337627411,0.5727469846606255,181.973743872,182.138868992,0
272,1758902697216058368,1758902697296188160,80.13,1.0,0.8300098578135172,0.5466527938842773,182.749369088,182.82949888,0
273,1758902697371309312,1758902697496318208,125.009,1.0,0.8767977058887482,0.5447515174746513,182.904620032,183.029628928,0
274,1758902697776683264,1758902697896694528,120.011,1.0,0.803956945737203,0.5343114336331686,183.309993984,183.430005248,0
275,1758902697941810176,1758902698111933184,170.123,1.0,0.836309802532196,0.5625802338123321,183.475120896,183.645243904,0
276,1758902698557308160,1758902698632437248,75.12899999999999,1.0,0.6926827132701874,0.6107405871152878,184.09061888,184.165747968,0
277,1758902699222933248,1758902699328058368,105.125,1.0,0.6970459421475729,0.5831759572029114,184.756243968,184.861369088,0
278,1758902699438183168,1758902699548308224,110.125,1.0,0.6836588531732559,0.5927291885018349,184.971493888,185.081618944,0
279,1758902699633308416,1758902699848563968,215.256,1.0,0.6695997913678488,0.6037709712982178,185.166619136,185.381874688,0
280,1758902699908558080,1758902699998697216,90.139,1.0,0.6585799058278402,0.6057004233201345,185.4418688,185.532007936,0
281,1758902700033683200,1758902700203942400,170.259,1.0,0.5413905531167984,0.5807472094893456,185.56699392,185.73725312,0
282,1758902700248933376,1758902700354058240,105.125,1.0,0.5814822316169739,0.5885264277458191,185.782244096,185.88736896,0
283,1758902700859440384,1758902701074695168,215.255,1.0,0.6350248952706655,0.5180649757385254,186.392751104,186.608005888,0
284,1758902701164808192,1758902701279933184,115.125,1.0,0.6242011785507202,0.5219583958387375,186.698118912,186.813243904,0
285,1758902701415058176,1758902701515058176,100.0,1.0,0.5455929636955261,0.5117758711179098,186.948368896,187.048368896,0
286,1758902701635183360,1758902701730308352,95.125,1.0,0.5540565053621928,0.5075215995311737,187.16849408,187.263619072,0
287,1758902701930445568,1758902702015558400,85.113,1.0,0.5845479567845663,0.524980386098226,187.463756288,187.54886912,0
288,1758902702030558208,1758902702110683392,80.125,1.0,0.5787529746691386,0.5236764252185822,187.563868928,187.643994112,0
289,1758902702140683264,1758902702255808256,115.125,1.0,0.6468320935964584,0.502119779586792,187.673993984,187.789118976,0
290,1758902702536058368,1758902702716182272,180.124,1.0,0.7334574699401856,0.4911310911178589,188.069369088,188.249492992,0
291,1758902702946433280,1758902703021433344,75.0,1.0,0.6041408777236938,0.5026077181100845,188.479744,188.554744064,0
292,1758902703436932352,1758902703637058304,200.126,1.0,0.5812398552894592,0.4815199375152588,188.970243072,189.170369024,0
293,1758902703727182592,1758902703832312576,105.13,1.0,0.5836549599965414,0.4366523027420044,189.260493312,189.365623296,0
294,1758902703957312256,1758902704122557184,165.245,1.0,0.561689829826355,0.4775227189064026,189.490622976,189.655867904,0
295,1758902704407824384,1758902704487811328,79.987,1.0,0.5561095674832662,0.4745366175969441,189.941135104,190.021122048,0
296,1758902704517932288,1758902704632932352,115.0,1.0,0.5100520054499308,0.4944527745246887,190.051243008,190.166243072,0
297,1758902704893182208,1758902704998307072,105.125,1.0,0.3871780931949615,0.4878786404927571,190.426492928,190.531617792,0
298,1758902705023307008,1758902705138432256,115.125,1.0,0.3746542930603027,0.5142035384972891,190.556617728,190.671742976,0
299,1758902705193564160,1758902705298557184,104.993,1.0,0.3942479888598124,0.5064622759819031,190.72687488,190.831867904,0
300,1758902705543807232,1758902705698932224,155.125,1.0,0.3132920324802398,0.4985982000827789,191.077117952,191.232242944,0
301,1758902705724061184,1758902705864182272,140.12099999999998,1.0,0.2879285365343094,0.5199791193008423,191.257371904,191.397492992,0
302,1758902705889182464,1758902705984190208,95.008,1.0,0.287606010834376,0.5031125843524933,191.422493184,191.517500928,0
303,1758902706004307200,1758902706114307328,110.0,1.0,0.2657070457935333,0.5076572994391123,191.53761792,191.647618048,0
304,1758902706169442304,1758902706349557248,180.11499999999998,1.0,0.238364315032959,0.4977159976959228,191.702753024,191.882867968,0
305,1758902706469682176,1758902706579807232,110.125,1.0,0.2530455986658732,0.4790746172269185,192.002992896,192.113117952,0
306,1758902706599807232,1758902706674932224,75.125,1.0,0.2744502127170563,0.4692873060703277,192.133117952,192.208242944,0
307,1758902706694932224,1758902706835057152,140.125,1.0,0.2888493239879608,0.4656882286071777,192.228242944,192.368367872,0
308,1758902707270432256,1758902707395557376,125.125,1.0,0.3708436712622642,0.4011729061603546,192.803742976,192.928868096,0
309,1758902707815932160,1758902707921064192,105.132,1.0,0.2464487502972284,0.4844314257303874,193.34924288,193.454374912,0
310,1758902708241307392,1758902708406443264,165.136,1.0,0.2401541382074356,0.5019838988780976,193.774618112,193.939753984,0
311,1758902708776819968,1758902709027058944,250.23899999999995,1.0,0.222774937748909,0.501713494459788,194.310130688,194.560369664,0
312,1758902709112192256,1758902709252307200,140.11499999999998,1.0,0.4041997045278549,0.4972539842128753,194.645502976,194.78561792,0
313,1758902709687682304,1758902709827807232,140.125,1.0,0.4178174634774526,0.5030576288700104,195.220993024,195.361117952,0
314,1758902709842807552,1758902709932932352,90.125,1.0,0.399667610724767,0.4840354522069295,195.376118272,195.466243072,0
315,1758902710128057344,1758902710263182336,135.125,1.0,0.4429457560181618,0.5100986585021019,195.661368064,195.796493056,0
316,1758902710278182400,1758902710363315200,85.133,1.0,0.4330781698226928,0.4982373714447021,195.81149312,195.89662592,0
317,1758902710393307392,1758902710483432192,90.125,1.0,0.4849789142608642,0.5024463136990865,195.926618112,196.016742912,0
318,1758902711334182144,1758902711454307328,120.125,1.0,0.5607613325119019,0.4938209851582845,196.867492864,196.987618048,0
319,1758902711474311168,1758902711684557312,210.246,1.0,0.5756397366523742,0.509177851676941,197.007621888,197.217868032,0
320,1758902711794682624,1758902711874689280,80.00699999999999,1.0,0.5694354176521301,0.5133474071820577,197.327993344,197.408,0
321,1758902711894682368,1758902711969806336,75.124,1.0,0.5736066500345866,0.5279876987139384,197.427993088,197.503117056,0
322,1758902712099932160,1758902712250057216,150.125,1.0,0.5367539644241333,0.5203358590602875,197.63324288,197.783367936,0
323,1758902712335181312,1758902712460181248,125.0,1.0,0.54769267141819,0.5166087076067924,197.868492032,197.993491968,0
324,1758902712475306240,1758902712575306496,100.0,1.0,0.545026163260142,0.5077549715836843,198.00861696,198.108617216,0
325,1758902712675432192,1758902712780563200,105.131,1.0,0.5397599935531616,0.5242305099964142,198.208742912,198.31387392,0
326,1758902712945681408,1758902713040806656,95.125,1.0,0.5382835268974304,0.4805192152659098,198.478992128,198.574117376,0
327,1758902713806431232,1758902713971691264,165.26,1.0,0.429996058344841,0.4951416254043579,199.339741952,199.505001984,0
328,1758902714362056192,1758902714637306368,275.25,1.0,0.3944327192647116,0.4960109846932547,199.895366912,200.170617088,0
329,1758902715142681344,1758902715317933312,175.25199999999998,1.0,0.3939290046691894,0.5001286923885345,200.675992064,200.851244032,0
330,1758902716213681152,1758902716288806144,75.125,1.0,0.2851617038249969,0.494519035021464,201.746991872,201.822116864,0
331,1758902717640065280,1758902717730181376,90.116,1.0,0.3942548831303914,0.5499798655509949,203.173376,203.263492096,0
332,1758902718080440320,1758902718160556288,80.116,1.0,0.43807386358579,0.5761035780111948,203.61375104,203.693867008,0
333,1758902718210556160,1758902718305691392,95.135,1.0,0.4518359154462814,0.5654983371496201,203.74386688,203.839002112,0
334,1758902718460808192,1758902718560940288,100.132,1.0,0.4172022442022959,0.5462990800539652,203.994118912,204.094251008,0
335,1758902718876181248,1758902718961306368,85.125,1.0,0.4018986721833547,0.5560595194498698,204.409491968,204.494617088,0
336,1758902720302556160,1758902720422681344,120.125,1.0,0.4278883735338847,0.557524969180425,205.83586688,205.955992064,0
337,1758902720878060288,1758902721153306368,275.246,1.0,0.5655794342358907,0.6225395152966181,206.411371008,206.686617088,0
338,1758902721588679936,1758902721683806208,95.126,1.0,0.5628913442293803,0.5504057904084524,207.121990656,207.217116928,0
339,1758902721773930240,1758902721848930304,75.0,1.0,0.5685003101825714,0.5791895091533661,207.30724096,207.382241024,0
340,1758902721868931328,1758902721979055360,110.12399999999998,1.0,0.5616780122121176,0.5810706317424774,207.402242048,207.51236608,0
341,1758902722604680192,1758902722734805248,130.125,1.0,0.5651111006736755,0.5404289662837982,208.137990912,208.268115968,0
342,1758902723705692160,1758902724010930176,305.238,1.0,0.6055412037031991,0.6362383237906865,209.23900288,209.544240896,0
343,1758902724146055168,1758902724386309376,240.254,1.0,0.6218660175800323,0.6156883289416631,209.679365888,209.919620096,0
344,1758902724521430272,1758902724701555200,180.125,1.0,0.6216270178556442,0.6927710622549057,210.054740992,210.23486592,0
345,1758902724746566400,1758902724861680384,115.114,1.0,0.6261446624994278,0.6802946254611015,210.27987712,210.394991104,0
346,1758902724936805120,1758902725247055360,310.25,1.0,0.631821061883654,0.6397276733602796,210.47011584,210.78036608,0
347,1758902725297180160,1758902725437305344,140.125,1.0,0.6386842727661133,0.6248809248209,210.83049088,210.970616064,0
348,1758902725667430400,1758902725742555392,75.125,1.0,0.6178272068500519,0.659378319978714,211.20074112,211.275866112,0
349,1758902725872680192,1758902725957805312,85.125,1.0,0.631621778011322,0.647520383199056,211.405990912,211.491116032,0
350,1758902726943680256,1758902727033805568,90.125,1.0,0.5648926695187887,0.6112923324108124,212.476990976,212.567116288,0
351,1758902727243940608,1758902727339062272,95.122,1.0,0.53462020556132,0.5907288094361623,212.777251328,212.872372992,0
352,1758902727359055104,1758902727434180352,75.125,1.0,0.5219802260398865,0.5764649907747904,212.892365824,212.967491072,0
353,1758902727834430208,1758902727914555392,80.125,1.0,0.4580348829428355,0.5939003924528757,213.367740928,213.447866112,0
354,1758902727954555648,1758902728059685632,105.13,1.0,0.4514038364092509,0.578531801700592,213.487866368,213.592996352,0
355,1758902728339930368,1758902728425055232,85.125,1.0,0.4371536572774251,0.6106961170832316,213.873241088,213.958365952,0
356,1758902729701180160,1758902729781305344,80.125,1.0,0.5345973372459412,0.6893004328012466,215.23449088,215.314616064,0
357,1758902730046561280,1758902730131679232,85.118,1.0,0.5430118838946024,0.7079155147075653,215.579872,215.664989952,0
358,1758902730346805248,1758902730471929088,125.12399999999998,1.0,0.4510038594404856,0.7106406390666962,215.880115968,216.005239808,0
359,1758902731152555264,1758902731277679360,125.124,1.0,0.3653777912259102,0.648664265871048,216.685865984,216.81099008,0
360,1758902731668054272,1758902731753179392,85.125,1.0,0.3373373001813888,0.6711724251508713,217.201364992,217.286490112,0
361,1758902732083429376,1758902732188554240,105.125,1.0,0.3748919367790222,0.6426041622956594,217.616740096,217.72186496,0
362,1758902732268558336,1758902732373679360,105.121,1.0,0.3382660249869029,0.6508927742640177,217.801869056,217.90699008,0
363,1758902732578929152,1758902732709054208,130.125,1.0,0.2649402841925621,0.6310228779911995,218.112239872,218.242364928,0
364,1758902736102179328,1758902736242304256,140.125,1.0,0.6208452880382538,0.7911425642669201,221.635490048,221.775614976,5
365,1758902736352430336,1758902736447429376,94.99899999999998,1.0,0.5923009117444357,0.7962068716684977,221.885741056,221.980740096,5
366,1758902737238179328,1758902737318304256,80.125,1.0,0.7296558618545532,0.8221030384302139,222.771490048,222.851614976,2
367,1758902737343304192,1758902737418429184,75.125,1.0,0.7412907481193542,0.8336662575602531,222.876614912,222.951739904,2
368,1758902738194054400,1758902738284188416,90.134,1.0,0.7534440557161967,0.7966993401447932,223.72736512,223.817499136,2
369,1758902738989804288,1758902739084928256,95.12399999999998,1.0,0.6738234957059225,0.7643852134545644,224.523115008,224.618238976,1
370,1758902740601307392,1758902740676428288,75.121,1.0,0.3588348925113678,0.843705490231514,226.134618112,226.209739008,3
371,1758902740866553344,1758902740981684224,115.131,1.0,0.3280628472566604,0.7744518369436264,226.399864064,226.514994944,3
372,1758902743008553216,1758902743158678272,150.125,1.0,0.3143553882837295,0.5723771378397942,228.541863936,228.691988992,0
373,1758902743188680192,1758902743278804224,90.124,1.0,0.2882232517004013,0.668436199426651,228.721990912,228.812114944,0
374,1758902744544940288,1758902744635059200,90.119,1.0,0.4025500019391377,0.6089680294195811,230.078251008,230.16836992,0
375,1758902745811178240,1758902745901178112,90.0,1.0,0.3938685059547424,0.6782035330931345,231.34448896,231.434488832,0
376,1758902746041315328,1758902746121428224,80.113,1.0,0.4988279491662979,0.5867091715335846,231.574626048,231.654738944,0
377,1758902747547804160,1758902747732928256,185.124,1.0,0.4830046594142914,0.822915256023407,233.08111488,233.266238976,-1
378,1758902750450440192,1758902750570552320,120.112,1.0,0.3288393716017405,0.822642187277476,235.983750912,236.10386304,3
379,1758902752417302272,1758902752632427264,215.125,1.0,0.3767496526241302,0.6621697962284088,237.950612992,238.165737984,0
380,1758902752912677632,1758902752992802048,80.125,1.0,0.2888736526171366,0.6832204759120941,238.445988352,238.526112768,0
381,1758902753278052352,1758902753358177280,80.125,1.0,0.2737073798974355,0.6667284468809763,238.811363072,238.891488,0
382,1758902753378182400,1758902753523302400,145.12,1.0,0.2714443951845169,0.6545826494693756,238.91149312,239.05661312,0
383,1758902753543307264,1758902753628427264,85.11999999999999,1.0,0.2833455105622609,0.6900304655234019,239.076617984,239.161737984,0
384,1758902754063802368,1758902754143927296,80.125,1.0,0.2724481523036957,0.6897765696048737,239.597113088,239.677238016,0
385,1758902754324054272,1758902754409177344,85.12299999999999,1.0,0.3315431326627731,0.6116088181734085,239.857364992,239.942488064,0
386,1758902754424183552,1758902754534177536,109.994,1.0,0.3439625402291615,0.5984426041444143,239.957494272,240.067488256,0
387,1758902754564302336,1758902754719427328,155.125,1.0,0.357381209731102,0.5913410782814026,240.097613056,240.252738048,0
388,1758902754774427392,1758902755064681216,290.254,1.0,0.4102645516395569,0.6218742174761636,240.307738112,240.597991936,0
389,1758902755099803392,1758902755309927168,210.124,1.0,0.4214198440313339,0.5829361329476038,240.633114112,240.843237888,0
390,1758902755465052160,1758902755565179648,100.127,1.0,0.4451700846354167,0.6716042856375376,240.99836288,241.098490368,0
391,1758902755705302272,1758902755870427392,165.125,1.0,0.4642864018678665,0.568823866546154,241.238612992,241.403738112,0
392,1758902756476052224,1758902756556052224,80.0,1.0,0.3230969806512196,0.5726379255453745,242.009362944,242.089362944,0
393,1758902756676177152,1758902756776302336,100.125,1.0,0.3234226107597351,0.5629942317803701,242.209487872,242.309613056,0
394,1758902756866427648,1758902757076552448,210.125,1.0,0.4637209375699361,0.5617335289716721,242.399738368,242.609863168,0
395,1758902757086560256,1758902757166676224,80.116,1.0,0.4901962727308273,0.564222976565361,242.619870976,242.699986944,0
396,1758902757316801280,1758902757461927168,145.126,1.0,0.4900557324290275,0.5855052098631859,242.850112,242.995237888,0
397,1758902757572061184,1758902757672176896,100.116,1.0,0.4955576956272125,0.551096091667811,243.105371904,243.205487616,0
398,1758902757792302336,1758902757892301568,99.99899999999998,1.0,0.5081676046053568,0.6220827301343282,243.325613056,243.425612288,0
399,1758902758002426368,1758902758112551168,110.125,1.0,0.5041356384754181,0.6176331117749214,243.535737088,243.645861888,0
400,1758902758147551232,1758902758347801344,200.25,1.0,0.5138464450836182,0.5939071595668792,243.680861952,243.881112064,0
401,1758902758432801280,1758902758738176256,305.375,1.0,0.5134827664920262,0.6069958209991455,243.966112,244.271486976,0
402,1758902758768176384,1758902758993426176,225.25,1.0,0.5119875788688659,0.5629873692989349,244.301487104,244.526736896,0
403,1758902759013426176,1758902759193557248,180.131,1.0,0.516477358341217,0.5546154618263245,244.546736896,244.726867968,0
404,1758902759213566208,1758902759293676288,80.11,1.0,0.5125864744186401,0.5716207524140676,244.746876928,244.826987008,0
405,1758902759313676288,1758902759503805184,190.129,1.0,0.5166898012161255,0.564415055513382,244.846987008,245.037115904,0
406,1758902759523801344,1758902759653926400,130.125,1.0,0.5137768089771271,0.5600027069449425,245.057112064,245.18723712,0
407,1758902759679051264,1758902759839176192,160.125,1.0,0.5078512907028199,0.5658698797225952,245.212361984,245.372486912,0
408,1758902759894180352,1758902760054301184,160.12099999999998,1.0,0.5206415504217148,0.5610646083950996,245.427491072,245.587611904,0
409,1758902760169426176,1758902760264552192,95.126,1.0,0.4983387986818949,0.5512118339538574,245.702736896,245.797862912,0
410,1758902760314559232,1758902760529809408,215.25,1.0,0.5077208777268728,0.5043669293324152,245.847869952,246.063120128,0
411,1758902760750051328,1758902760860051200,110.0,1.0,0.4840967059135437,0.4773431022961934,246.283362048,246.39336192,0
412,1758902761365551360,1758902761480676352,115.125,1.0,0.5291479229927063,0.526183952887853,246.89886208,247.013987072,0
413,1758902761815926272,1758902761966176256,150.25,1.0,0.5246485322713852,0.5200600773096085,247.349236992,247.499486976,0
414,1758902762061176064,1758902762166311168,105.135,1.0,0.5145666003227234,0.5866902768611908,247.594486784,247.699621888,0
415,1758902762286426368,1758902762386552064,100.126,1.0,0.4969259301821391,0.577628622452418,247.819737088,247.919862784,0
416,1758902762416551168,1758902762526676224,110.125,1.0,0.5040081342061361,0.6007555921872457,247.949861888,248.059986944,0
417,1758902762731801344,1758902762826926336,95.125,1.0,0.5367218454678854,0.598210354646047,248.265112064,248.360237056,0
418,1758902763132176384,1758902763222304000,90.128,1.0,0.5833728114763895,0.5938069621721903,248.665487104,248.75561472,0
419,1758902763317426176,1758902763417426176,100.0,1.0,0.5802158713340759,0.6073689460754395,248.850736896,248.950736896,0
420,1758902763447551232,1758902763632676352,185.125,1.0,0.5937199234962464,0.5864855170249939,248.980861952,249.165987072,0
421,1758902763932942336,1758902764058051328,125.109,1.0,0.594841996828715,0.5593238671620687,249.466253056,249.591362048,0
422,1758902764648555264,1758902765459300352,810.745,1.0,0.5729134347703722,0.5177308602465523,250.181865984,250.992611072,0
423,1758902765779675392,1758902765879800576,100.125,1.0,0.4348030785719554,0.4932191570599873,251.312986112,251.413111296,0
424,1758902765979801344,1758902766129926400,150.125,1.0,0.4035419598221779,0.5092333778738976,251.513112064,251.66323712,0
425,1758902766350183168,1758902766455300352,105.117,1.0,0.4736371040344238,0.5077010293801626,251.883493888,251.988611072,0
426,1758902766530313216,1758902766670435328,140.122,1.0,0.5140485465526581,0.4864057898521423,252.063623936,252.203746048,0
427,1758902766850675456,1758902766970800384,120.125,1.0,0.4061096906661987,0.5144841571648916,252.383986176,252.504111104,0
428,1758902767491300352,1758902767581299968,90.0,1.0,0.5497116843859354,0.447787344455719,253.024611072,253.114610688,0
429,1758902769738300160,1758902769823426304,85.12599999999999,1.0,0.3487502932548523,0.5383333414793015,255.27161088,255.356737024,0
430,1758902770358925312,1758902770589052160,230.127,1.0,0.3803828358650207,0.5113257964452108,255.892236032,256.12236288,0
431,1758902770824300288,1758902770969425408,145.125,1.0,0.3547765910625458,0.5217829272150993,256.357611008,256.502736128,0
432,1758902771214675200,1758902771329806336,115.131,1.0,0.3180981675783793,0.5601158837477366,256.74798592,256.863117056,0
433,1758902771389812224,1758902771519925248,130.113,1.0,0.3156319707632065,0.5670073553919792,256.923122944,257.053235968,0
434,1758902772440802304,1758902772530925312,90.123,1.0,0.339865227540334,0.5779727598031362,257.974113024,258.064236032,0
435,1758902773341675264,1758902773426800384,85.125,1.0,0.3523467481136322,0.4935185313224792,258.874985984,258.960111104,0
436,1758902773486800384,1758902773571925248,85.125,1.0,0.3375458419322967,0.4835458397865295,259.020111104,259.105235968,0
437,1758902773742050304,1758902773822050304,80.0,1.0,0.2655998170375824,0.5213946799437205,259.275361024,259.355361024,0
438,1758902773967188224,1758902774097425408,130.237,1.0,0.3621246740221977,0.4680671840906143,259.500498944,259.630736128,0
439,1758902774217424384,1758902774297550336,80.12599999999999,1.0,0.3595344573259353,0.4608485400676727,259.750735104,259.830861056,0
440,1758902774317555200,1758902774462675200,145.12,1.0,0.3890413492918014,0.4747906029224396,259.85086592,259.99598592,0
441,1758902774667937280,1758902774843050240,175.113,1.0,0.4526922330260277,0.4764765948057174,260.201248,260.37636096,0
442,1758902775058304256,1758902775263425280,205.121,1.0,0.4756077587604522,0.4821878910064697,260.591614976,260.796736,0
443,1758902775368561920,1758902775608799232,240.237,1.0,0.4943724522988001,0.4712096353371938,260.90187264,261.142109952,0
444,1758902776784809216,1758902776874924288,90.115,0.0,1.0539681911468506,0.3326226472854614,262.318119936,262.408235008,-1
445,1758902778176174336,1758902778296299264,120.125,1.0,0.6069342692693075,0.4657151699066162,263.709485056,263.829609984,0
446,1758902778731674368,1758902778876807168,145.13299999999998,1.0,0.5378222465515137,0.4586775451898575,264.264985088,264.410117888,0
447,1758902779257174272,1758902779397299200,140.125,1.0,0.5646980851888657,0.3913621008396148,264.790484992,264.93060992,0
448,1758902781874551552,1758902781989674240,115.123,1.0,0.449548989534378,0.295321265856425,267.407862272,267.52298496,6
449,1758902782735424256,1758902782890549248,155.125,1.0,0.5604163527488708,0.4256443262100219,268.268734976,268.423859968,0
450,1758902784161678336,1758902784231798016,70.11999999999999,1.0,0.5931646625200907,0.4795113801956177,269.694989056,269.765108736,0
451,1758902785858298624,1758902785948298240,90.0,1.0,0.6590718825658163,0.5219484865665436,271.391609344,271.48160896,0
452,1758902785978423296,1758902786073423104,95.0,1.0,0.6508622368176779,0.5163425207138062,271.511734016,271.606733824,0
453,1758902786639048192,1758902786714048256,75.0,1.0,0.6686800420284271,0.5149030983448029,272.172358912,272.247358976,0
454,1758902788335548160,1758902788445686528,110.138,1.0,0.5272082487742106,0.5582263072331747,273.86885888,273.978997248,0
455,1758902789086298368,1758902789231423232,145.125,1.0,0.4736872091889381,0.5378125160932541,274.619609088,274.764733952,0
456,1758902790157298432,1758902790272298240,115.0,1.0,0.5430971185366312,0.5178854167461395,275.690609152,275.80560896,0
457,1758902792154052352,1758902792289180928,135.129,1.0,0.5026865800221761,0.4750666618347168,277.687363072,277.822491648,0
458,1758902792504422400,1758902792599550208,95.128,1.0,0.5555829207102457,0.4703151384989421,278.03773312,278.132860928,0
459,1758902793255172352,1758902793370172160,115.0,1.0,0.570250670115153,0.5060569941997528,278.788483072,278.90348288,0
460,1758902793490298112,1758902793615423232,125.125,1.0,0.587778369585673,0.499140977859497,279.023608832,279.148733952,0
461,1758902794316047360,1758902794436172544,120.125,1.0,0.6122746070226034,0.526675949494044,279.84935808,279.969483264,0
462,1758902794461297408,1758902794571297536,110.0,1.0,0.6131794253985087,0.5286918779214224,279.994608128,280.104608256,0
463,1758902795126797568,1758902795412172288,285.375,1.0,0.6089747973850795,0.4852412343025207,280.660108288,280.945483008,0
464,1758902795547297024,1758902795657297152,110.0,1.0,0.5711752573649088,0.4824824531873067,281.080607744,281.190607872,0
465,1758902795692422400,1758902795777423360,85.00099999999999,1.0,0.5773406326770782,0.4752770066261291,281.22573312,281.31073408,0
466,1758902795997672192,1758902796252922624,255.25,1.0,0.5797738532225291,0.4528629283110301,281.530982912,281.786233344,0
467,1758902796563172352,1758902796638297344,75.125,1.0,0.6020350654919943,0.5148216386636099,282.096483072,282.171608064,0
468,1758902797208797184,1758902797308922624,100.125,1.0,0.6281999548276266,0.4990643660227458,282.742107904,282.842233344,0
469,1758902797449047296,1758902797544047360,95.0,1.0,0.6319660147031149,0.4812660018603007,282.982358016,283.07735808,0
470,1758902797599172352,1758902797689172224,90.0,1.0,0.6302327712376913,0.4718591968218485,283.132483072,283.222482944,0
471,1758902798079547392,1758902798209672192,130.125,1.0,0.6425908952951431,0.4648375213146209,283.612858112,283.742982912,0
472,1758902798595051264,1758902798780297216,185.246,1.0,0.6744403600692749,0.4123030543327332,284.128361984,284.313607936,0
473,1758902798845297408,1758902798950422272,105.125,1.0,0.6662922104199728,0.4394868016242981,284.378608128,284.483732992,0
474,1758902798965422336,1758902799080547328,115.125,1.0,0.6584546367327372,0.4540007511774699,284.498733056,284.613858048,0
475,1758902799230679296,1758902799325797376,95.118,1.0,0.6500504612922668,0.4797653357187907,284.763990016,284.859108096,0
476,1758902800266672384,1758902800371674368,105.002,1.0,0.6571772694587708,0.4585376977920532,285.799983104,285.904985088,0
477,1758902800496796928,1758902800586922240,90.125,1.0,0.5003271996974945,0.4307161768277486,286.030107648,286.12023296,0
478,1758902800656922368,1758902800762047232,105.125,1.0,0.5089070002237955,0.4306827187538147,286.190233088,286.295357952,0
479,1758902800822177280,1758902800982297344,160.12,1.0,0.5891469568014145,0.4643772691488266,286.355488,286.515608064,0
480,1758902801312547328,1758902801387672320,75.125,1.0,0.6211492121219635,0.4536053240299225,286.845858048,286.92098304,0
481,1758902801727922176,1758902801843048192,115.126,1.0,0.5665537317593893,0.4329391717910766,287.261232896,287.376358912,0
482,1758902802138297344,1758902802268422400,130.125,1.0,0.6058446764945984,0.4367810040712356,287.671608064,287.80173312,0
483,1758902803604671232,1758902803754810368,150.13899999999998,1.0,0.5182730704545975,0.4378535747528076,289.137981952,289.288121088,0
484,1758902804280296192,1758902804365421312,85.125,1.0,0.4968683024247487,0.438278575738271,289.813606912,289.898732032,0
485,1758902804445546240,1758902804590671360,145.125,1.0,0.4985972717404365,0.4203702360391617,289.97885696,290.12398208,0
486,1758902805061057280,1758902805146171392,85.11399999999999,1.0,0.5450623631477356,0.4466517269611358,290.594368,290.679482112,0
487,1758902805306296320,1758902805386421248,80.125,1.0,0.5500677525997162,0.4628403782844543,290.83960704,290.919731968,0
488,1758902806051921152,1758902806152049920,100.12899999999998,1.0,0.5715837081273397,0.4580289522806803,291.585231872,291.68536064,0
489,1758902806367307008,1758902806477421312,110.114,1.0,0.5693507194519043,0.4414185285568237,291.900617728,292.010732032,0
490,1758902806897800192,1758902807092921344,195.121,1.0,0.5686163663864136,0.4282865762710571,292.431110912,292.626232064,0
491,1758902808043796224,1758902808118924288,75.128,1.0,0.5392343004544576,0.4301356077194214,293.577106944,293.652235008,0
492,1758902808599296256,1758902808689421312,90.125,1.0,0.5496275126934052,0.4505700469017029,294.132606976,294.222732032,0
493,1758902810360921344,1758902810556171264,195.25,1.0,0.4671885073184967,0.4415576100349426,295.894232064,296.089481984,0
494,1758902811376921344,1758902811457046272,80.125,1.0,0.4335386753082275,0.4600706895192464,296.910232064,296.990356992,0
495,1758902811822296320,1758902811907422208,85.12599999999999,1.0,0.45631805062294,0.4233266711235046,297.35560704,297.440732928,0
496,1758902812342796288,1758902812427920384,85.124,1.0,0.451213538646698,0.4075007736682892,297.876107008,297.961231104,0
497,1758902812693171200,1758902812773170176,79.999,1.0,0.4264076650142669,0.4154967665672302,298.22648192,298.306480896,0
498,1758902812988420352,1758902813073545216,85.125,1.0,0.4397703558206558,0.4483291804790497,298.521731072,298.606855936,0
499,1758902813163546368,1758902813313670400,150.124,1.0,0.4343383386731148,0.4337913691997528,298.696857088,298.84698112,0
500,1758902813478920192,1758902813568920320,90.0,1.0,0.4798611551523208,0.4291613101959228,299.012230912,299.10223104,0
501,1758902813729045248,1758902813839170304,110.125,1.0,0.4966941177845001,0.4180982708930969,299.262355968,299.372481024,0
502,1758902814044420352,1758902814164545280,120.125,1.0,0.4726838394999504,0.4262261986732483,299.577731072,299.697856,0
503,1758902814339670272,1758902814484795392,145.125,1.0,0.4702227413654327,0.4151955842971802,299.872980992,300.018106112,0
504,1758902814619921408,1758902814705045248,85.124,1.0,0.4513019919395447,0.4293673932552337,300.153232128,300.238355968,0
505,1758902814790045184,1758902814935170304,145.125,1.0,0.4514283612370491,0.4355696886777878,300.323355904,300.468481024,0
506,1758902815325545216,1758902815405670400,80.125,1.0,0.4505429764588674,0.4641708135604858,300.858855936,300.93898112,0
507,1758902819214170368,1758902819294306304,80.136,1.0,0.4322161277135213,0.2658714850743611,304.747481088,304.827617024,6
