recording_id,level_name,level_duration_s,total_fixations,avg_fixation_duration_s,total_fixation_duration_s,saccade_length_avg,saccade_length_median,scanpath_length_total,scanpath_length_per_s,fixation_dispersion,fixation_revisits,spatial_coverage_hull,fixation_grid_entropy_4x4,transition_entropy_4x4,unique_grid_cells_4x4,mean_distance_to_target,min_distance_to_target,waldo_fixations,waldo_fixation_duration_total_s,waldo_fixation_duration_avg_s,waldo_fixation_ratio,waldo_time_ratio,waldo_first_fixation_s,waldo_last_fixation_s,waldo_revisits,ttff_waldo_s,ttff_waldo_ratio,verification_time_after_first_hit_s,verification_time_ratio,direct_waldo_ratio,first_hit_type,gaze_entropy,surface_visibility_ratio_global,surface_gaze_ratio_global,fixation_density,fixation_rate_per_s,peripheral_gaze_rate
2025-09-26_16-24-13-61db42a9,waldo_3,60.785,149,0.359258100671141,53.52945700000001,0.13928615404872316,0.108050985063857,20.614350799211028,0.33913549065083537,0.21062776084520698,0.0,0.5047011277603441,3.6270286577609903,1.8670559984188912,15,0.4124412993807413,0.006978745487451167,4,4.273873000000001,1.0684682500000002,0.026845637583892617,0.07984151604601557,35.292742144,60.21073408,0.0,35.292742144,0.5806159767047792,25.492257855999995,0.4193840232952208,0.5,peripheral,7.528957096587925,0.8288469264764966,0.8159208050396793,0.07222491517207949,2.4512626470346306,0.5
2025-09-26_16-24-13-61db42a9,waldo_4,35.35999999999999,89,0.34841148314606735,31.008621999999995,0.18007924150852747,0.13806439987215338,15.846973252750416,0.44816100827914085,0.2353305454766222,1.0,0.9400198020692128,3.488994882189216,1.774457204042755,16,0.3101896302683743,0.004904382870482567,6,6.8763749999999995,1.1460625,0.06741573033707865,0.22175687136306801,61.091620864,95.548472064,0.0,0.19962086399999635,0.005645386425339264,35.160379135999996,0.9943546135746607,0.3333333333333333,peripheral,6.511299199917389,0.8288469264764966,0.8159208050396793,0.043141056713523994,2.5169683257918556,0.6666666666666666
2025-09-26_16-45-00-95032692,waldo_1,98.074,334,0.29413461377245514,98.24096100000003,0.16211981182733,0.08319761118794135,53.9858973385009,0.5504608493433621,0.2664489498643563,12.0,3.980789675784332,3.6629311179795563,2.0393890923846065,16,0.29159394095109736,0.024364484478487523,5,3.623246,0.7246492,0.014970059880239521,0.03688121495472748,75.01423499999994,97.5354539999999,0.0,75.01423499999994,0.7648738197687455,23.059765000000056,0.23512618023125453,0.2,direct,7.888704400526144,0.6763300414144632,0.6715195632393085,0.15732454074422986,3.4055916960662356,0.8
2025-09-26_16-45-00-95032692,waldo_2,10.638999999999996,19,0.35058526315789473,6.66112,0.15476482760112176,0.1500084262426457,2.7857668968201916,0.2618448065438662,0.11161981449772779,0.0,0.07141345784433634,2.0418145155018155,1.133687330920372,5,0.23926100984054335,0.04468672726769436,1,0.190125,0.190125,0.05263157894736842,0.028542497357801688,102.86005999999988,102.86005999999988,0.0,0.9430599999998748,0.0886417896418719,9.695940000000121,0.9113582103581281,1.0,direct,5.857843637287093,0.6763300414144632,0.6715195632393085,0.008949599623174752,1.7858821317793032,0.0
2025-09-26_16-45-00-95032692,waldo_3,5.025000000000006,0,0.0,0.0,0.0,0.0,0.0,0.0,0.0,0.0,0.0,0.0,0.0,0,0.0,0.0,0,0.0,0.0,0.0,0.0,0.0,0.0,0.0,,,,,0.0,none,2.4531019258535602,0.6763300414144632,0.6715195632393085,0.0,0.0,0.0
2025-09-26_16-45-00-95032692,waldo_4,14.481999999999985,0,0.0,0.0,0.0,0.0,0.0,0.0,0.0,0.0,0.0,0.0,0.0,0,0.0,0.0,0,0.0,0.0,0.0,0.0,0.0,0.0,0.0,,,,,0.0,none,5.110009289978714,0.6763300414144632,0.6715195632393085,0.0,0.0,0.0
2025-09-26_19-01-53-2ec86210,waldo_1,311.217,507,0.12389308875739646,62.813796,0.06979625808138012,0.042497132371988565,35.316906589178345,0.11348000459222454,0.13130696975980827,81.0,0.7283124985354653,2.539049172881689,1.4324528631545264,14,0.24445712857096868,0.017227754572649547,2,0.230125,0.1150625,0.0039447731755424065,0.0036636060014586603,6.621250048,309.96735488,0.0,6.621250048,0.02127534822326544,304.595749952,0.9787246517767346,0.0,peripheral,7.82332150450467,0.9564521293627922,0.9384680601297812,0.056578506863073315,1.6290883852745834,1.0
2025-09-26_19-01-53-2ec86210,waldo_2,11.329999999999984,11,0.12239836363636364,1.346382,0.14346346868682178,0.08599395837987833,1.4346346868682178,0.12662265550469726,0.11245543952704236,0.0,0.07055950363342534,1.8585552118703144,1.2,4,0.2735267365923354,0.15700684918466445,0,0.0,0.0,0.0,0.0,0.0,0.0,0.0,,,,,0.0,none,6.101070394870911,0.9564521293627922,0.9384680601297812,0.0012275415690213146,0.9708737864077683,0.0
2025-09-26_19-01-53-2ec86210,waldo_3,90.04500000000002,69,0.11402568115942029,7.8677719999999995,0.10605546202368242,0.06776350169496542,7.211771417610405,0.08009074815492702,0.1266232696574607,2.0,0.23942906917473794,1.8826160078610832,1.1127813849933221,7,0.24541386602406884,0.05650868845802093,0,0.0,0.0,0.0,0.0,0.0,0.0,0.0,,,,,0.0,none,7.233248852778146,0.9564521293627922,0.9384680601297812,0.0077000334784064275,0.7662835249042145,0.0
2025-09-26_19-01-53-2ec86210,waldo_4,27.88100000000003,41,0.1089958292682927,4.468829,0.09723688440569209,0.06010567307955822,3.8894753762276837,0.13950272143135756,0.10720171136250388,1.0,0.16446514920728905,2.051709463673241,1.2768706884034666,6,0.16803961454780864,0.04985784136822045,1,0.13,0.13,0.024390243902439025,0.029090394821551683,447.484832768,447.484832768,0.0,24.007832768000014,0.8610821981994903,3.8731672320000143,0.13891780180050967,0.0,peripheral,6.943838936597669,0.9564521293627922,0.9384680601297812,0.004575382211806718,1.4705354901187173,1.0
2025-09-26_19-10-19-05411873,waldo_1,79.06,188,0.3711188031914893,69.77033499999999,0.09710389919252271,0.07919357245332094,18.158429149001748,0.2296790937136573,0.19475562229518045,5.0,0.4991330260138521,3.3248092510489196,1.473059523475235,14,0.2983619070066303,0.012624126558018577,5,5.620127,1.1240254,0.026595744680851064,0.08055181331722144,9.939251968,84.49337088,0.0,2.9442519680000006,0.03724072815583102,76.115748032,0.962759271844169,0.4,direct,7.20137457605377,0.8707482993197279,0.8621211533237612,0.08159722222222222,2.3779408044523147,0.6
2025-09-26_19-10-19-05411873,waldo_2,3.891999999999996,9,0.44487555555555564,4.0038800000000005,0.12858895769056233,0.1060456140063886,1.0287116615244987,0.2643144042971479,0.11066791196604564,0.0,0.06647663170549717,2.0588138903312014,0.75,5,0.1685243815607815,0.011040693715668105,2,1.791749,0.8958745,0.2222222222222222,0.4475031719232344,91.159494912,91.795126016,0.0,3.1834949120000005,0.8179586104830431,0.7085050879999955,0.1820413895169569,1.0,direct,3.990730719647793,0.8707482993197279,0.8621211533237612,0.00390625,2.312435765673178,0.0
2025-09-26_19-10-19-05411873,waldo_3,3.792999999999992,7,0.6534445714285714,4.5741119999999995,0.09850289192237537,0.10864310045668826,0.5910173515342522,0.15581791498398453,0.09752855826385948,0.0,0.03484518313492208,1.3787834934861753,0.8741854163060885,3,0.2656853692465498,0.06697264251088997,0,0.0,0.0,0.0,0.0,0.0,0.0,0.0,,,,,0.0,none,2.9063600921614805,0.8707482993197279,0.8621211533237612,0.0030381944444444445,1.8455048774057512,0.0
2025-09-26_19-10-19-05411873,waldo_4,15.960000000000008,34,0.44233123529411766,15.039262,0.15762263308551203,0.1469414762604911,5.201546891821897,0.32591145938733673,0.13270279312524447,1.0,0.19220991470935506,2.53643617010549,1.4921929859144807,8,0.2047107974178434,0.051393958912697886,0,0.0,0.0,0.0,0.0,0.0,0.0,0.0,,,,,0.0,none,5.010574653607361,0.8707482993197279,0.8621211533237612,0.014756944444444444,2.1303258145363397,0.0
2025-09-26_19-12-44-115b6a40,waldo_1,128.20499999999998,308,0.3768099772727273,116.057473,0.11983060473991695,0.09494130464050375,36.7879956551545,0.28694665305685824,0.1717522017211654,13.0,0.7004032182665543,2.9136091716269403,1.7537384230060258,15,0.21662452393033782,0.012807382898321012,16,9.108261,0.5692663125,0.05194805194805195,0.07848060762101894,30.313124864,134.69986304,2.0,21.973124864,0.17139054532974535,106.23187513599999,0.8286094546702547,0.1875,peripheral,7.663350090805143,0.8738431563565514,0.8637969644190097,0.0858416945373467,2.402402402402403,0.8125
2025-09-26_19-12-44-115b6a40,waldo_2,1.5769999999999982,5,0.28329379999999993,1.4164689999999998,0.10511748067319056,0.10768284995793082,0.42046992269276223,0.266626457002386,0.07448661297547055,0.0,0.015272243384116143,1.5219280948873621,0.5,3,0.0850011014137587,0.015301084753434054,3,0.960978,0.320326,0.6,0.678432072992773,139.454236928,139.874619904,0.0,0.7912369279999893,0.5017355282181295,0.7857630720000088,0.4982644717818705,1.0,direct,2.720512794094527,0.8738431563565514,0.8637969644190097,0.0013935340022296545,3.1705770450221977,0.0
2025-09-26_19-12-44-115b6a40,waldo_3,45.269000000000005,136,0.27367700735294115,37.220073,0.17147109202115624,0.11138250170331658,23.148597422856092,0.5113565005380302,0.20958780122066073,4.0,0.8850202041794273,3.279703543136451,1.909426340356185,16,0.4355741408104617,0.022731823976226955,1,0.18025,0.18025,0.007352941176470588,0.004842816939128518,187.899102976,187.899102976,0.0,43.37410297599999,0.9581413986613352,1.8948970240000165,0.041858601338664786,0.0,peripheral,7.4096364813269995,0.8738431563565514,0.8637969644190097,0.0379041248606466,3.004263403211911,1.0
2025-09-26_19-12-44-115b6a40,waldo_4,1.429000000000002,6,0.325313,1.951878,0.10229792537012669,0.1204800642851727,0.5114896268506335,0.35793535818798655,0.050415810604803976,0.0,0.00811096167532941,0.6500224216483541,0.6490224995673063,2,0.05826643919905533,0.02725416838004663,2,1.171125,0.5855625,0.3333333333333333,0.5999990778112156,192.548477952,193.43922688,0.0,0.24247795200000155,0.16968366130161036,1.1865220480000005,0.8303163386983896,0.0,peripheral,1.565876448103261,0.8738431563565514,0.8637969644190097,0.0016722408026755853,4.198740377886628,1.0
2025-09-26_19-17-52-c0419fea,waldo_1,17.733,35,0.43712862857142853,15.299501999999999,0.13842386941664145,0.08193136204357009,4.706411560165809,0.2654041369292172,0.15262375778476084,1.0,0.21153141509796897,2.5930499892161576,1.552764338807977,8,0.24999835100177834,0.021646210703244136,2,3.333114,1.666557,0.05714285714285714,0.21785767928916905,15.12900224,17.72636416,1.0,15.12900224,0.8531552608131732,2.6039977600000004,0.14684473918682683,0.0,peripheral,5.750744882590174,0.7178502879078695,0.7053781732530751,0.031194295900178252,1.9737213105509501,1.0
2025-09-26_19-17-52-c0419fea,waldo_2,17.142000000000003,43,0.3297205581395349,14.177984,0.18356452142339416,0.14259402041485117,7.709709899782554,0.44975556526557886,0.22247052366035014,1.0,0.3730301757045034,3.574505384808137,1.4852509620858043,14,0.37039089554929594,0.03470678986971619,2,1.331125,0.6655625,0.046511627906976744,0.09388676133362824,28.386363136,33.415988224,0.0,10.160363136,0.5927174854742736,6.981636864000002,0.40728251452572634,1.0,direct,6.423818170604946,0.7178502879078695,0.7053781732530751,0.03832442067736185,2.5084587562711462,0.0
2025-09-26_19-17-52-c0419fea,waldo_3,23.496000000000002,58,0.3460875172413793,20.073076,0.20859676247742515,0.14770801563768127,11.890015461213233,0.506044239922252,0.25658040247450953,2.0,0.5559368504862765,3.522569991312608,1.4852605386280127,15,0.46366747329619834,0.018016015052329977,2,1.761623,0.8808115,0.034482758620689655,0.08776049071901088,61.301860096,62.097492224,0.0,22.337860096,0.950709060946544,1.1581399040000022,0.049290939053455995,0.5,direct,6.445096326379023,0.7178502879078695,0.7053781732530751,0.05169340463458111,2.4685052774940415,0.5
2025-09-26_19-17-52-c0419fea,waldo_4,2.710000000000008,5,0.6956734000000001,3.4783670000000004,0.08718926198488026,0.10443034079207819,0.34875704793952106,0.12869263761605906,0.05089803186514266,0.0,0.007663262255422463,0.7219280948873623,0.6887218755408672,2,0.06137426491948912,0.014357846343671078,2,2.026992,1.013496,0.4,0.582742419071938,67.32235904,68.523496192,0.0,0.8233590399999997,0.30382252398523885,1.8866409600000082,0.6961774760147611,1.0,direct,2.7581461856392346,0.7178502879078695,0.7053781732530751,0.004456327985739751,1.8450184501844964,0.0
2025-09-26_19-27-31-2699d4a1,waldo_1,60.736,122,0.43630706557377047,53.229462,0.05456786580855121,0.04763594729347905,6.602711762834697,0.10871166627428044,0.1276966859767073,6.0,0.21033988272870144,2.343207547532979,0.9542946326940268,10,0.16632265380274608,0.006316483233036772,8,7.111860000000001,0.8889825000000001,0.06557377049180328,0.1336075874672564,30.087995136,57.703491072,2.0,30.087995136,0.495389804004215,30.648004863999997,0.504610195995785,0.625,direct,6.4152182625537915,0.825219473264166,0.815321366060162,0.05899419729206963,2.0086933614330875,0.375
2025-09-26_19-27-31-2699d4a1,waldo_2,13.595000000000006,27,0.3681113333333333,9.939006,0.18815596834306844,0.12179026415445846,4.892055176919779,0.3598422344185198,0.19107764462455717,0.0,0.3566970275376911,2.7534393533742927,1.3720989246425948,8,0.225747270357938,0.0237036792685271,2,1.5463730000000004,0.7731865000000002,0.07407407407407407,0.15558628297437396,65.225489152,73.413115136,0.0,2.6174891519999974,0.1925332219198232,10.977510848000009,0.8074667780801769,0.5,direct,5.862079148330585,0.825219473264166,0.815321366060162,0.013056092843326886,1.9860242736300102,0.5
2025-09-26_19-27-31-2699d4a1,waldo_3,16.305000000000007,40,0.36309254999999996,14.523701999999998,0.1598743213906548,0.09738439295549844,6.235098534235537,0.382404080603222,0.17361115414264763,0.0,0.2192551484514051,2.6353025453241545,1.5588201928069543,8,0.3271813196071759,0.012160882565378152,6,2.497386,0.416231,0.15,0.17195244022495093,92.740985088,95.688734976,0.0,12.005985088000003,0.7363376318920575,4.299014912000004,0.26366236810794247,0.0,peripheral,6.144835326829394,0.825219473264166,0.815321366060162,0.019342359767891684,2.4532352039251752,1.0
2025-09-26_19-27-31-2699d4a1,waldo_4,7.6839999999999975,15,0.42173406666666674,6.326011000000001,0.12829948416555806,0.09157301257033221,1.7961927783178129,0.2337575193021621,0.10590725500975576,0.0,0.062288842361018545,2.2062389286533897,0.6603651784168951,5,0.2323844242850478,0.02862022248765624,1,2.322125,2.322125,0.06666666666666667,0.36707571327334076,104.82723328,104.82723328,0.0,5.324233280000001,0.6928986569495059,2.359766719999996,0.30710134305049414,1.0,direct,4.314757164131415,0.825219473264166,0.815321366060162,0.007253384912959381,1.952108276939095,0.0
2025-09-26_19-29-58-b4f7a1df,waldo_1,114.921,276,0.37793949637681157,104.311301,0.11045575048377868,0.08767548155826291,30.375331383039136,0.26431488921118973,0.21584216809783519,10.0,0.6233368864942171,3.7291048108276814,1.743845348330613,16,0.30104103251770825,0.015532920834307774,2,3.988749,1.9943745,0.007246376811594203,0.03823889609046291,72.852483072,129.675090176,0.0,57.385483072,0.4993472304626656,57.53551692800001,0.5006527695373344,0.5,peripheral,8.140187517933427,0.865469531939947,0.8505235760547183,0.09387755102040816,2.401649829012974,0.5
2025-09-26_19-29-58-b4f7a1df,waldo_2,3.3499999999999943,7,0.6634639999999999,4.644247999999999,0.304937187983249,0.2623634229533927,1.8296231278994939,0.5461561575819394,0.2207575214670458,0.0,0.1929852309173672,2.5216406363433186,0.3333333333333333,6,0.31056584512087576,0.03760745737642237,1,2.557374,2.557374,0.14285714285714285,0.550654056372528,135.975963392,135.975963392,0.0,3.2239633920000017,0.9623771319403006,0.1260366079999926,0.03762286805969935,1.0,direct,2.6627723762685305,0.865469531939947,0.8505235760547183,0.002380952380952381,2.0895522388059735,0.0
2025-09-26_19-29-58-b4f7a1df,waldo_3,6.1580000000000155,20,0.38110790000000005,7.622158000000001,0.25905207016331694,0.2132518458125665,4.921989333103022,0.7992837500979229,0.25127131789276064,0.0,0.4402418383913133,3.621928094887362,0.631578947368421,13,0.4054369770727345,0.0238650820721603,0,0.0,0.0,0.0,0.0,0.0,0.0,0.0,,,,,0.0,none,4.862093828444482,0.865469531939947,0.8505235760547183,0.006802721088435374,3.2478077297823886,0.0
2025-09-26_19-29-58-b4f7a1df,waldo_4,2.3649999999999807,7,0.5683555714285714,3.9784889999999997,0.15230427769464147,0.10994199285284467,0.9138256661678489,0.38639563051494985,0.11729972841640443,0.0,0.03163208374842916,1.3787834934861753,1.0,3,0.15552412752340175,0.023942710160753312,0,0.0,0.0,0.0,0.0,0.0,0.0,0.0,,,,,0.0,none,2.8015819547504726,0.865469531939947,0.8505235760547183,0.002380952380952381,2.959830866807635,0.0
2025-09-26_19-37-31-91230d39,waldo_1,33.24900000000001,93,0.32153487096774197,29.902743,0.10426372673576036,0.07149542266103284,9.592262859689953,0.2884977851872222,0.15955393487041764,5.0,0.3772990654615533,2.6186668855799633,1.2214093704265383,12,0.21716330019286129,0.004094489737195878,5,4.34914,0.869828,0.053763440860215055,0.14544284449088835,34.266739968,63.769103872,1.0,2.7407399680000033,0.0824307488345515,30.508260032000003,0.9175692511654484,0.6,peripheral,6.649150871036076,0.7963063552417164,0.7685031530036508,0.06343792633015007,2.7970766038076325,0.4
2025-09-26_19-37-31-91230d39,waldo_2,2.118000000000009,5,0.6075718,3.037859,0.07211534005011294,0.07308583617037871,0.28846136020045177,0.1361951653448775,0.0702460787838311,0.0,0.0079538251383238,1.5219280948873621,0.5,3,0.1079544244077795,0.022495255408130476,2,2.41725,1.208625,0.4,0.7957084249137304,67.86285184,68.438351872,0.0,1.0188518400000106,0.48104430594901143,1.0991481599999986,0.5189556940509886,0.5,peripheral,3.167669318922894,0.7963063552417164,0.7685031530036508,0.0034106412005457027,2.3607176581680727,0.5
2025-09-26_19-37-31-91230d39,waldo_3,6.600999999999999,15,0.3546589333333333,5.319884,0.2040549892247614,0.15088420808554698,2.8567698491466595,0.43277834406099985,0.23342481497958506,0.0,0.35385171914575575,2.4225797618424916,0.5974662840428772,7,0.289696637109641,0.011907557618741613,2,2.507375,1.2536875,0.13333333333333333,0.4713213671576298,73.052602624,76.43584896,0.0,2.0216026239999962,0.3062570252991966,4.579397376000003,0.6937429747008035,0.5,peripheral,4.9692095331483515,0.7963063552417164,0.7685031530036508,0.010231923601637109,2.272382972276928,0.5
2025-09-26_19-37-31-91230d39,waldo_4,3.2510000000000048,4,0.75444225,3.017769,0.10897282343270004,0.0951452222852162,0.3269184702981001,0.10055935721258064,0.0748193235637471,0.0,0.001822463551255507,1.5,0.6666666666666666,3,0.11979149752350587,0.007154907885714205,1,2.3422579999999997,2.3422579999999997,0.25,0.7761554976540616,82.07097088,82.07097088,0.0,0.8929708800000071,0.2746757551522626,2.3580291199999976,0.7253242448477374,1.0,direct,1.6401897174115256,0.7963063552417164,0.7685031530036508,0.002728512960436562,1.2303906490310657,0.0
2025-09-26_19-39-21-36589e44,waldo_1,143.491,399,0.32453336591478693,129.488813,0.124011402871297,0.08932849067518697,49.356538342776204,0.34396957539341283,0.194157942418202,31.0,0.6987740757002651,3.5087750665171438,2.1219735279944993,16,0.25333832825731856,0.004934033952677933,18,13.161965,0.7312202777777778,0.045112781954887216,0.1016455761317389,6.946497024,148.047297024,2.0,1.5774970240000004,0.010993700120565055,141.91350297600002,0.989006299879435,0.3888888888888889,peripheral,7.945599303008555,0.9684416006940679,0.9557664716918662,0.04468085106382979,2.7806622018105664,0.6111111111111112
2025-09-26_19-39-21-36589e44,waldo_2,33.792,123,0.23036878048780485,28.335359999999998,0.14094233441033086,0.12234377888737091,17.194964798060365,0.5088472063819947,0.2399603689368151,1.0,0.551417029372382,3.825762237009084,1.6818814643867583,16,0.39044240982471035,0.06507372239721344,2,0.7005,0.35025,0.016260162601626018,0.02472176107873696,158.842290176,173.105531136,0.0,3.234290176000002,0.09571171212121217,30.557709824,0.9042882878787878,0.5,peripheral,7.486116271521794,0.9684416006940679,0.9557664716918662,0.013773796192609182,3.6399147727272725,0.5
2025-09-26_19-39-21-36589e44,waldo_3,156.248,509,0.25715388408644396,130.891327,0.13443606999904262,0.09841349668467964,68.29352355951364,0.4370841454579492,0.2526229184981753,23.0,0.889903240712466,3.910776159816877,2.105662306497124,16,0.426025059446634,0.008594323767847436,3,0.925742,0.30858066666666667,0.005893909626719057,0.007072600005040823,262.478345984,342.602541312,0.0,69.088345984,0.44217107408734835,87.15965401599999,0.5578289259126517,0.3333333333333333,peripheral,8.501844745783924,0.9684416006940679,0.9557664716918662,0.05699888017917133,3.257641697813732,0.6666666666666666
2025-09-26_19-39-21-36589e44,waldo_4,91.03000000000003,272,0.28655322426470586,77.942477,0.12704461364369102,0.09506204081391921,34.42909029744027,0.37821696470878013,0.21814139653310488,22.0,0.912317058794027,3.6182104956792176,1.911306589385105,16,0.2792474235959508,0.009273111051256428,8,3.338237,0.417279625,0.029411764705882353,0.04282949591145275,353.868038144,443.265842176,3.0,1.0770381440000278,0.011831683445018427,89.952961856,0.9881683165549816,0.0,peripheral,7.455264670186168,0.9684416006940679,0.9557664716918662,0.03045912653975364,2.9880259255190587,1.0
2025-09-26_20-20-21-410567f0,waldo_1,95.90700000000001,210,0.40256425714285715,84.538494,0.1566350896712926,0.12050870512524572,32.73673374130016,0.3413383146308419,0.21454299152989462,3.0,1.2113675519895652,3.4815005307241016,2.2070370630623164,16,0.26901651985121106,0.010363035890135036,4,0.970861,0.24271525,0.01904761904761905,0.011484247637531845,57.468238848,106.643853824,0.0,35.696238848,0.37219638658283544,60.210761152,0.6278036134171645,0.25,peripheral,7.822333743160566,0.8614198637504482,0.829542550472783,0.043704474505723206,2.1896211955331726,0.75
2025-09-26_20-20-21-410567f0,waldo_2,4.088999999999999,10,0.334812,3.34812,0.31940079024032453,0.16374319076722801,2.874607112162921,0.7030098097732751,0.3623324191942441,0.0,0.5144801722233278,2.6464393446710157,0.3060986113514965,7,0.4768204914116416,0.0882434784317077,0,0.0,0.0,0.0,0.0,0.0,0.0,0.0,,,,,0.0,none,4.502706268420102,0.8614198637504482,0.829542550472783,0.002081165452653486,2.445585717779409,0.0
2025-09-26_20-20-21-410567f0,waldo_3,32.70800000000001,83,0.3617273855421687,30.023373000000003,0.1572155616082041,0.11181469097835658,12.891676051872736,0.3941444310833047,0.2250713677616794,1.0,0.5372727258536525,3.6807373222354762,1.750877592779743,16,0.4591157086915928,0.050313335260423336,0,0.0,0.0,0.0,0.0,0.0,0.0,0.0,,,,,0.0,none,6.9572695278490935,0.8614198637504482,0.829542550472783,0.017273673257023933,2.5376054787819484,0.0
2025-09-26_20-20-21-410567f0,waldo_4,91.86699999999999,211,0.3854024549763033,81.319918,0.1944534153523181,0.12382411798124705,40.8352172239868,0.44450365445684314,0.29650834678494536,5.0,1.956861553052421,3.8271049989146566,2.159313965862259,16,0.37913661927064374,0.02975151044494599,0,0.0,0.0,0.0,0.0,0.0,0.0,0.0,,,,,0.0,none,7.775814666282034,0.8614198637504482,0.829542550472783,0.043912591050988554,2.296798632806122,0.0
