recording_id,participant_id,level_name,window_s,src_quad,prev_quad,dst_quad,f_0,f_1,f_2,f_3,f_4,f_5,f_6,f_7,f_8,f_9,f_10,f_11,f_12
2025-09-26_16-24-13-61db42a9,61db42a9,waldo_3,5.0,0,0,0,1.0,0.0,0.0,0.0,1.0,0.0,0.0,0.0,0.24025000631809235,0.25331923365592957,0.5600463151931763,0.19231604039669037,0.3637255132198334
2025-09-26_16-24-13-61db42a9,61db42a9,waldo_3,5.0,0,0,2,1.0,0.0,0.0,0.0,1.0,0.0,0.0,0.0,0.7206249833106995,0.12560224533081055,0.44837862253189087,0.21259620785713196,0.48767971992492676
2025-09-26_16-24-13-61db42a9,61db42a9,waldo_3,5.0,2,0,0,0.0,0.0,1.0,0.0,1.0,0.0,0.0,0.0,0.33537501096725464,0.23262140154838562,0.5420486927032471,0.1819562464952469,0.7182744145393372
2025-09-26_16-24-13-61db42a9,61db42a9,waldo_3,5.0,0,2,2,1.0,0.0,0.0,0.0,0.0,0.0,1.0,0.0,0.29537901282310486,0.36447039246559143,-0.20544135570526123,0.47311392426490784,0.4990350902080536
2025-09-26_16-24-13-61db42a9,61db42a9,waldo_3,5.0,2,0,2,0.0,0.0,1.0,0.0,1.0,0.0,0.0,0.0,0.17512500286102295,0.053464315831661224,0.6289119720458984,0.45204854011535645,0.5481745004653931
2025-09-26_16-24-13-61db42a9,61db42a9,waldo_3,5.0,2,2,3,0.0,0.0,1.0,0.0,0.0,0.0,1.0,0.0,0.2302509993314743,0.06705281138420105,0.45612508058547974,0.46126165986061096,0.6145913600921631
2025-09-26_16-24-13-61db42a9,61db42a9,waldo_3,5.0,3,2,3,0.0,0.0,0.0,1.0,0.0,0.0,1.0,0.0,0.4053860008716583,0.18105047941207886,-0.03891563415527344,0.6409607529640198,0.592511773109436
2025-09-26_16-24-13-61db42a9,61db42a9,waldo_3,5.0,3,3,3,0.0,0.0,0.0,1.0,0.0,0.0,0.0,1.0,0.3102549910545349,0.08427470922470093,0.3837929666042328,0.6710484623908997,0.6712324619293213
2025-09-26_16-24-13-61db42a9,61db42a9,waldo_3,5.0,3,3,3,0.0,0.0,0.0,1.0,0.0,0.0,0.0,1.0,0.16512499749660492,0.052242498844861984,0.27282553911209106,0.7052478790283203,0.7107253074645996
2025-09-26_16-24-13-61db42a9,61db42a9,waldo_3,5.0,3,3,3,0.0,0.0,0.0,1.0,0.0,0.0,0.0,1.0,0.24012500047683716,0.19156989455223083,-0.3826458156108856,0.7742865085601807,0.532028079032898
2025-09-26_16-24-13-61db42a9,61db42a9,waldo_3,5.0,3,3,1,0.0,0.0,0.0,1.0,0.0,0.0,0.0,1.0,0.2551249861717224,0.06600251793861389,-0.8828958868980408,0.712700366973877,0.5082902312278748
2025-09-26_16-24-13-61db42a9,61db42a9,waldo_3,5.0,1,3,1,0.0,1.0,0.0,0.0,0.0,0.0,0.0,1.0,0.20513099431991577,0.10232944786548615,-0.8601542711257935,0.6200888156890869,0.46476536989212036
2025-09-26_16-24-13-61db42a9,61db42a9,waldo_3,5.0,1,1,0,0.0,1.0,0.0,0.0,0.0,1.0,0.0,0.0,0.1401209980249405,0.0566575787961483,-0.8366100788116455,0.5707329511642456,0.4369431734085083
2025-09-26_16-24-13-61db42a9,61db42a9,waldo_3,5.0,0,1,0,1.0,0.0,0.0,0.0,0.0,1.0,0.0,0.0,0.12012500315904617,0.14813752472400665,-0.9165174961090088,0.4276610314846039,0.3985353112220764
2025-09-26_16-24-13-61db42a9,61db42a9,waldo_4,5.0,1,1,1,0.0,1.0,0.0,0.0,0.0,1.0,0.0,0.0,0.14512500166893005,0.17602349817752838,0.14648829400539398,0.7118574380874634,0.451440691947937
2025-09-26_16-24-13-61db42a9,61db42a9,waldo_4,5.0,1,1,1,0.0,1.0,0.0,0.0,0.0,1.0,0.0,0.0,0.4955030083656311,0.16197119653224945,-0.46561163663864136,0.7293218374252319,0.2904137670993805
2025-09-26_16-24-13-61db42a9,61db42a9,waldo_4,5.0,1,1,3,0.0,1.0,0.0,0.0,0.0,1.0,0.0,0.0,0.195251002907753,0.0876777395606041,0.5369187593460083,0.7191754579544067,0.37750244140625
2025-09-26_16-24-13-61db42a9,61db42a9,waldo_4,5.0,3,1,3,0.0,0.0,0.0,1.0,0.0,1.0,0.0,0.0,0.2652420103549957,0.3941849172115326,0.5267657041549683,0.6860687136650085,0.7702946066856384
2025-09-26_16-24-13-61db42a9,61db42a9,waldo_4,5.0,3,3,2,0.0,0.0,0.0,1.0,0.0,0.0,0.0,1.0,0.2502540051937103,0.0834493339061737,0.9684507846832275,0.6030288934707642,0.7785521745681763
2025-09-26_16-24-13-61db42a9,61db42a9,waldo_4,5.0,2,3,2,0.0,0.0,1.0,0.0,0.0,0.0,0.0,1.0,0.1751289963722229,0.21354934573173523,-0.9765506386756897,0.3900587558746338,0.7628345489501953
2025-09-26_16-24-13-61db42a9,61db42a9,waldo_4,5.0,2,2,2,0.0,0.0,1.0,0.0,0.0,0.0,1.0,0.0,0.21525000035762787,0.20052139461040497,0.9856249094009399,0.1897418200969696,0.7718871235847473
2025-09-26_16-24-13-61db42a9,61db42a9,waldo_4,5.0,2,2,2,0.0,0.0,1.0,0.0,0.0,0.0,1.0,0.0,0.3803749978542328,0.14965903759002686,-0.4006812870502472,0.23568426072597504,0.6294542551040649
2025-09-26_16-24-13-61db42a9,61db42a9,waldo_4,5.0,2,2,2,0.0,0.0,1.0,0.0,0.0,0.0,1.0,0.0,0.3153870105743408,0.17203927040100098,0.459760457277298,0.25737494230270386,0.8001207113265991
2025-09-26_16-24-13-61db42a9,61db42a9,waldo_4,5.0,2,2,0,0.0,0.0,1.0,0.0,0.0,0.0,1.0,0.0,0.10512500256299973,0.042518239468336105,-0.7797176241874695,0.22463811933994293,0.7729895114898682
2025-09-26_16-24-13-61db42a9,61db42a9,waldo_4,5.0,0,2,0,1.0,0.0,0.0,0.0,0.0,0.0,1.0,0.0,0.1601240038871765,0.4587882459163666,-0.5107351541519165,0.2091681957244873,0.3144621253013611
2025-09-26_16-24-13-61db42a9,61db42a9,waldo_4,5.0,0,0,0,1.0,0.0,0.0,0.0,1.0,0.0,0.0,0.0,0.3453750014305115,0.13043048977851868,-0.5337858200073242,0.19535012543201447,0.18476566672325134
2025-09-26_16-24-13-61db42a9,61db42a9,waldo_4,5.0,0,0,0,1.0,0.0,0.0,0.0,1.0,0.0,0.0,0.0,0.2952449917793274,0.043489184230566025,-0.002099276753142476,0.23883835971355438,0.18447886407375336
2025-09-26_16-24-13-61db42a9,61db42a9,waldo_4,5.0,0,0,0,1.0,0.0,0.0,0.0,1.0,0.0,0.0,0.0,0.2251249998807907,0.04963100701570511,0.9546759724617004,0.1897096335887909,0.19152194261550903
2025-09-26_16-45-00-95032692,95032692,waldo_1,5.0,3,3,3,0.0,0.0,0.0,1.0,0.0,0.0,0.0,1.0,1.481374979019165,0.023679783567786217,-0.4636591374874115,0.7886597514152527,0.7006958723068237
2025-09-26_16-45-00-95032692,95032692,waldo_1,5.0,3,3,2,0.0,0.0,0.0,1.0,0.0,0.0,0.0,1.0,0.3603709936141968,0.25717100501060486,0.6207252144813538,0.6934442520141602,0.939591109752655
2025-09-26_16-45-00-95032692,95032692,waldo_1,5.0,2,3,2,0.0,0.0,1.0,0.0,0.0,0.0,0.0,1.0,0.23025600612163544,0.23857705295085907,-0.8393022418022156,0.4846300184726715,0.8241977095603943
2025-09-26_16-45-00-95032692,95032692,waldo_1,5.0,2,2,3,0.0,0.0,1.0,0.0,0.0,0.0,1.0,0.0,0.290241003036499,0.06250868737697601,-0.571753740310669,0.4706583023071289,0.7632704973220825
2025-09-26_16-45-00-95032692,95032692,waldo_1,5.0,3,2,3,0.0,0.0,0.0,1.0,0.0,0.0,1.0,0.0,0.19012999534606934,0.11288027465343475,-0.332718163728714,0.5272872447967529,0.6656225919723511
2025-09-26_16-45-00-95032692,95032692,waldo_1,5.0,3,3,0,0.0,0.0,0.0,1.0,0.0,0.0,0.0,1.0,0.16524499654769897,0.06971002370119095,-0.4369876980781555,0.5409970283508301,0.5972740054130554
2025-09-26_16-45-00-95032692,95032692,waldo_1,5.0,0,3,2,1.0,0.0,0.0,0.0,0.0,0.0,0.0,1.0,0.43038299679756165,0.13894687592983246,-0.6084257364273071,0.4945775866508484,0.46631038188934326
2025-09-26_16-45-00-95032692,95032692,waldo_1,5.0,2,0,2,0.0,0.0,1.0,0.0,1.0,0.0,0.0,0.0,0.33037400245666504,0.10236293822526932,0.7246488928794861,0.4281840920448303,0.544221043586731
2025-09-26_16-45-00-95032692,95032692,waldo_1,5.0,2,2,2,0.0,0.0,1.0,0.0,0.0,0.0,1.0,0.0,0.30024999380111694,0.06110542640089989,0.6991465091705322,0.3923999071121216,0.5937525033950806
2025-09-26_16-45-00-95032692,95032692,waldo_2,5.0,1,1,1,0.0,1.0,0.0,0.0,0.0,1.0,0.0,0.0,0.5604990124702454,0.10327685624361038,0.6183796525001526,0.5809944272041321,0.2706128656864166
2025-09-26_16-45-00-95032692,95032692,waldo_2,5.0,1,1,3,0.0,1.0,0.0,0.0,0.0,1.0,0.0,0.0,1.7316240072250366,0.03125494346022606,-0.8389537930488586,0.5536551475524902,0.2554657459259033
2025-09-26_16-45-00-95032692,95032692,waldo_2,5.0,3,1,2,0.0,0.0,0.0,1.0,0.0,1.0,0.0,0.0,0.09499900043010712,0.34196823835372925,0.5056326389312744,0.5476042032241821,0.5973804593086243
2025-09-26_16-45-00-95032692,95032692,waldo_2,5.0,2,3,1,0.0,0.0,1.0,0.0,0.0,0.0,0.0,1.0,0.20012900233268738,0.0865192860364914,0.7684565186500549,0.4829833209514618,0.654910683631897
2025-09-26_16-45-00-95032692,95032692,waldo_2,5.0,1,2,1,0.0,1.0,0.0,0.0,0.0,0.0,1.0,0.0,0.11000599712133408,0.30626335740089417,-0.4332994520664215,0.5466909408569336,0.3553467094898224
2025-09-26_16-45-00-95032692,95032692,waldo_2,5.0,1,1,1,0.0,1.0,0.0,0.0,0.0,1.0,0.0,0.0,0.3402499854564667,0.07063347101211548,-0.41477370262145996,0.5653776526451111,0.2872299551963806
2025-09-26_16-45-00-95032692,95032692,waldo_2,5.0,1,1,3,0.0,1.0,0.0,0.0,0.0,1.0,0.0,0.0,0.20524999499320984,0.1188812404870987,0.5625677704811096,0.5421602129936218,0.4038219749927521
2025-09-26_16-45-00-95032692,95032692,waldo_2,5.0,3,1,1,0.0,0.0,0.0,1.0,0.0,1.0,0.0,0.0,0.22023800015449524,0.201925128698349,0.5553629398345947,0.5072166323661804,0.6027005910873413
2025-09-26_16-45-00-95032692,95032692,waldo_2,5.0,1,3,1,0.0,1.0,0.0,0.0,0.0,0.0,0.0,1.0,0.2952499985694885,0.22137250006198883,-0.4619200825691223,0.5336366891860962,0.3829103112220764
2025-09-26_19-01-53-2ec86210,2ec86210,waldo_1,5.0,3,3,3,0.0,0.0,0.0,1.0,0.0,0.0,0.0,1.0,0.1301250010728836,0.09767019003629684,0.9723062515258789,0.7285059690475464,0.5106884241104126
2025-09-26_19-01-53-2ec86210,2ec86210,waldo_1,5.0,3,3,1,0.0,0.0,0.0,1.0,0.0,0.0,0.0,1.0,0.08512499928474426,0.16363324224948883,0.9248669147491455,0.5694099068641663,0.5489543676376343
2025-09-26_19-01-53-2ec86210,2ec86210,waldo_1,5.0,1,3,0,0.0,1.0,0.0,0.0,0.0,0.0,0.0,1.0,0.07512500137090683,0.12357990443706512,-0.6010904312133789,0.5308191776275635,0.43155437707901
2025-09-26_19-01-53-2ec86210,2ec86210,waldo_1,5.0,0,1,0,1.0,0.0,0.0,0.0,0.0,1.0,0.0,0.0,0.09998899698257446,1.0074166059494019,-0.8949248790740967,-0.4222058355808258,0.10500973463058472
2025-09-26_19-01-53-2ec86210,2ec86210,waldo_1,5.0,0,0,0,1.0,0.0,0.0,0.0,1.0,0.0,0.0,0.0,0.10512500256299973,0.758271336555481,0.08888398110866547,0.30669456720352173,0.31400641798973083
2025-09-26_19-01-53-2ec86210,2ec86210,waldo_1,5.0,0,0,1,1.0,0.0,0.0,0.0,1.0,0.0,0.0,0.0,0.08511199802160263,0.2499285191297531,0.2306547611951828,0.49382835626602173,0.4796724021434784
2025-09-26_19-01-53-2ec86210,2ec86210,waldo_1,5.0,1,0,1,0.0,1.0,0.0,0.0,1.0,0.0,0.0,0.0,0.07512500137090683,0.07094775140285492,-0.4508613646030426,0.504737377166748,0.40956833958625793
2025-09-26_19-01-53-2ec86210,2ec86210,waldo_2,5.0,0,1,2,1.0,0.0,0.0,0.0,0.0,1.0,0.0,0.0,0.1251250058412552,0.23594462871551514,0.9554324150085449,0.3325742483139038,0.4824182093143463
2025-09-26_19-01-53-2ec86210,2ec86210,waldo_2,5.0,2,0,0,0.0,0.0,1.0,0.0,1.0,0.0,0.0,0.0,0.08012499660253525,0.08248346298933029,0.12736521661281586,0.4085423946380615,0.5145485997200012
2025-09-26_19-01-53-2ec86210,2ec86210,waldo_2,5.0,0,2,1,1.0,0.0,0.0,0.0,0.0,0.0,1.0,0.0,0.10012499988079071,0.08950445055961609,-0.16502301394939423,0.48628556728363037,0.47019723057746887
2025-09-26_19-01-53-2ec86210,2ec86210,waldo_3,5.0,2,1,0,0.0,0.0,1.0,0.0,0.0,1.0,0.0,0.0,0.07011900097131729,0.3701789975166321,0.7748416662216187,0.34551969170570374,0.5949070453643799
2025-09-26_19-01-53-2ec86210,2ec86210,waldo_3,5.0,0,2,0,1.0,0.0,0.0,0.0,0.0,0.0,1.0,0.0,0.1652500033378601,0.27667534351348877,-0.6034904718399048,0.2571420669555664,0.33272647857666016
2025-09-26_19-01-53-2ec86210,2ec86210,waldo_3,5.0,0,0,0,1.0,0.0,0.0,0.0,1.0,0.0,0.0,0.0,0.08999300003051758,0.010574901476502419,0.13420110940933228,0.2667909562587738,0.3370540142059326
2025-09-26_19-01-53-2ec86210,2ec86210,waldo_3,5.0,0,0,0,1.0,0.0,0.0,0.0,1.0,0.0,0.0,0.0,0.0801360011100769,0.16101686656475067,0.10466325283050537,0.419181764125824,0.3890489935874939
2025-09-26_19-01-53-2ec86210,2ec86210,waldo_3,5.0,0,0,1,1.0,0.0,0.0,0.0,1.0,0.0,0.0,0.0,0.10512500256299973,0.06295308470726013,-0.07393977046012878,0.480444073677063,0.37455686926841736
2025-09-26_19-01-53-2ec86210,2ec86210,waldo_3,5.0,1,0,1,0.0,1.0,0.0,0.0,1.0,0.0,0.0,0.0,0.15512999892234802,0.04128069058060646,0.26217567920684814,0.5084962844848633,0.4048416316509247
2025-09-26_19-10-19-05411873,05411873,waldo_1,5.0,1,3,0,0.0,1.0,0.0,0.0,0.0,0.0,0.0,1.0,0.34037500619888306,0.24904337525367737,-0.5122025609016418,0.5889297723770142,0.4315594434738159
2025-09-26_19-10-19-05411873,05411873,waldo_1,5.0,0,1,0,1.0,0.0,0.0,0.0,0.0,1.0,0.0,0.0,0.24025000631809235,0.3101300299167633,-0.8269431591033936,0.32351619005203247,0.2711341977119446
2025-09-26_19-10-19-05411873,05411873,waldo_1,5.0,0,0,0,1.0,0.0,0.0,0.0,1.0,0.0,0.0,0.0,0.1902499943971634,0.18871240317821503,0.589138388633728,0.27135783433914185,0.45249536633491516
2025-09-26_19-10-19-05411873,05411873,waldo_1,5.0,0,0,0,1.0,0.0,0.0,0.0,1.0,0.0,0.0,0.0,0.29037898778915405,0.07693801075220108,-0.5410984754562378,0.2614516019821167,0.3761977553367615
2025-09-26_19-10-19-05411873,05411873,waldo_1,5.0,0,0,0,1.0,0.0,0.0,0.0,1.0,0.0,0.0,0.0,0.3553819954395294,0.13439519703388214,-0.0817549005150795,0.3914382755756378,0.34205788373947144
2025-09-26_19-10-19-05411873,05411873,waldo_1,5.0,0,0,0,1.0,0.0,0.0,0.0,1.0,0.0,0.0,0.0,0.21512000262737274,0.053459152579307556,-0.5961166024208069,0.37553998827934265,0.29101744294166565
2025-09-26_19-10-19-05411873,05411873,waldo_1,5.0,0,0,1,1.0,0.0,0.0,0.0,1.0,0.0,0.0,0.0,0.35524898767471313,0.12214016914367676,0.21588443219661713,0.4706493318080902,0.36764925718307495
2025-09-26_19-10-19-05411873,05411873,waldo_1,5.0,1,0,1,0.0,1.0,0.0,0.0,1.0,0.0,0.0,0.0,0.15512000024318695,0.06451936811208725,-0.17901268601417542,0.5252318382263184,0.33324718475341797
2025-09-26_19-10-19-05411873,05411873,waldo_1,5.0,1,1,1,0.0,1.0,0.0,0.0,0.0,1.0,0.0,0.0,0.8257520198822021,0.1042005866765976,0.14434951543807983,0.6189002990722656,0.3788977861404419
2025-09-26_19-10-19-05411873,05411873,waldo_1,5.0,1,1,1,0.0,1.0,0.0,0.0,0.0,1.0,0.0,0.0,0.30537500977516174,0.09370741993188858,-0.26620644330978394,0.6817033886909485,0.3093503415584564
2025-09-26_19-10-19-05411873,05411873,waldo_2,5.0,3,0,0,0.0,0.0,0.0,1.0,1.0,0.0,0.0,0.0,0.33037498593330383,0.13373251259326935,0.4628793001174927,0.5093761682510376,0.5470678210258484
2025-09-26_19-10-19-05411873,05411873,waldo_2,5.0,0,3,0,1.0,0.0,0.0,0.0,0.0,0.0,0.0,1.0,0.310373991727829,0.2875659763813019,-0.6963659524917603,0.3430161476135254,0.3125075399875641
2025-09-26_19-10-19-05411873,05411873,waldo_2,5.0,0,0,0,1.0,0.0,0.0,0.0,1.0,0.0,0.0,0.0,0.2502500116825104,0.08528164029121399,0.07150086760520935,0.42615529894828796,0.33150336146354675
2025-09-26_19-10-19-05411873,05411873,waldo_2,5.0,0,0,0,1.0,0.0,0.0,0.0,1.0,0.0,0.0,0.0,0.18513299524784088,0.04769222438335419,-0.30999109148979187,0.4529634118080139,0.2920587956905365
2025-09-26_19-10-19-05411873,05411873,waldo_2,5.0,0,0,1,1.0,0.0,0.0,0.0,1.0,0.0,0.0,0.0,0.16512499749660492,0.12680959701538086,-0.5730593204498291,0.42411258816719055,0.16857478022575378
2025-09-26_19-10-19-05411873,05411873,waldo_2,5.0,1,0,1,0.0,1.0,0.0,0.0,1.0,0.0,0.0,0.0,0.4805000126361847,0.2527148425579071,0.0876234620809555,0.6673126816749573,0.23726613819599152
2025-09-26_19-10-19-05411873,05411873,waldo_2,5.0,1,1,1,0.0,1.0,0.0,0.0,0.0,1.0,0.0,0.0,0.6056249737739563,0.046892546117305756,0.7538810968399048,0.6337528228759766,0.27001744508743286
2025-09-26_19-10-19-05411873,05411873,waldo_3,5.0,1,1,1,0.0,1.0,0.0,0.0,0.0,1.0,0.0,0.0,0.12512099742889404,0.031583335250616074,0.03502700850367546,0.6327294111251831,0.27318286895751953
2025-09-26_19-10-19-05411873,05411873,waldo_3,5.0,1,1,1,0.0,1.0,0.0,0.0,0.0,1.0,0.0,0.0,0.28025001287460327,0.13983704149723053,0.6875199675559998,0.5550327897071838,0.38944825530052185
2025-09-26_19-10-19-05411873,05411873,waldo_3,5.0,1,1,0,0.0,1.0,0.0,0.0,0.0,1.0,0.0,0.0,0.27524998784065247,0.07706142961978912,-0.6407766342163086,0.5220516324043274,0.3198012411594391
2025-09-26_19-10-19-05411873,05411873,waldo_3,5.0,0,1,0,1.0,0.0,0.0,0.0,0.0,1.0,0.0,0.0,0.5404980182647705,0.11917977035045624,-0.678505003452301,0.45866522192955017,0.21887561678886414
2025-09-26_19-10-19-05411873,05411873,waldo_3,5.0,0,0,0,1.0,0.0,0.0,0.0,1.0,0.0,0.0,0.0,0.4153749942779541,0.09810642898082733,0.9493457674980164,0.36179837584495544,0.2344219833612442
2025-09-26_19-10-19-05411873,05411873,waldo_4,5.0,0,0,0,1.0,0.0,0.0,0.0,1.0,0.0,0.0,0.0,0.20024000108242035,0.0634705126285553,0.09123824536800385,0.3152044117450714,0.2606393098831177
2025-09-26_19-10-19-05411873,05411873,waldo_4,5.0,0,0,2,1.0,0.0,0.0,0.0,1.0,0.0,0.0,0.0,0.34037500619888306,0.11701545864343643,0.2917666733264923,0.386409729719162,0.3534963130950928
2025-09-26_19-10-19-05411873,05411873,waldo_4,5.0,2,0,3,0.0,0.0,1.0,0.0,1.0,0.0,0.0,0.0,0.2502500116825104,0.3472502827644348,0.45564132928848267,0.4346449673175812,0.6973801851272583
2025-09-26_19-10-19-05411873,05411873,waldo_4,5.0,3,2,3,0.0,0.0,0.0,1.0,0.0,0.0,1.0,0.0,0.3453820049762726,0.20682039856910706,-0.38321152329444885,0.5088366270065308,0.5043250918388367
2025-09-26_19-10-19-05411873,05411873,waldo_4,5.0,3,3,1,0.0,0.0,0.0,1.0,0.0,0.0,0.0,1.0,0.16512799263000488,0.12474338710308075,0.1734551340341568,0.6155129671096802,0.5689863562583923
2025-09-26_19-10-19-05411873,05411873,waldo_4,5.0,1,3,1,0.0,1.0,0.0,0.0,0.0,0.0,0.0,1.0,0.2502500116825104,0.1225624680519104,-0.7997459173202515,0.5164153575897217,0.4968668222427368
2025-09-26_19-10-19-05411873,05411873,waldo_4,5.0,1,1,1,0.0,1.0,0.0,0.0,0.0,1.0,0.0,0.0,0.4153749942779541,0.14694148302078247,-0.34745708107948303,0.5841692090034485,0.3664781153202057
2025-09-26_19-10-19-05411873,05411873,waldo_4,5.0,1,1,0,0.0,1.0,0.0,0.0,0.0,1.0,0.0,0.0,0.15512500703334808,0.03662165626883507,-0.13298210501670837,0.6176411509513855,0.3516196608543396
2025-09-26_19-10-19-05411873,05411873,waldo_4,5.0,0,1,1,1.0,0.0,0.0,0.0,0.0,1.0,0.0,0.0,0.14012500643730164,0.22106067836284637,-0.8157524466514587,0.43259063363075256,0.2306894212961197
2025-09-26_19-10-19-05411873,05411873,waldo_4,5.0,1,0,0,0.0,1.0,0.0,0.0,1.0,0.0,0.0,0.0,0.36037498712539673,0.20312167704105377,0.17191046476364136,0.6068022847175598,0.33513423800468445
2025-09-26_19-10-19-05411873,05411873,waldo_4,5.0,0,1,1,1.0,0.0,0.0,0.0,0.0,1.0,0.0,0.0,0.1652510017156601,0.24208512902259827,-0.7952365279197693,0.41310256719589233,0.18992532789707184
2025-09-26_19-10-19-05411873,05411873,waldo_4,5.0,1,0,1,0.0,1.0,0.0,0.0,1.0,0.0,0.0,0.0,0.21025000512599945,0.3221202492713928,0.12046987563371658,0.712427020072937,0.30894768238067627
2025-09-26_19-10-19-05411873,05411873,waldo_4,5.0,1,1,0,0.0,1.0,0.0,0.0,0.0,1.0,0.0,0.0,0.28025001287460327,0.1815989762544632,-0.8434631824493408,0.552348256111145,0.22319822013378143
2025-09-26_19-12-44-115b6a40,115b6a40,waldo_1,5.0,0,0,0,1.0,0.0,0.0,0.0,1.0,0.0,0.0,0.0,0.6256250143051147,0.06760963797569275,-0.5274856090545654,0.18252834677696228,0.42415347695350647
2025-09-26_19-12-44-115b6a40,115b6a40,waldo_1,5.0,0,0,2,1.0,0.0,0.0,0.0,1.0,0.0,0.0,0.0,0.4003849923610687,0.03183227404952049,-0.5120266675949097,0.18132591247558594,0.3923439383506775
2025-09-26_19-12-44-115b6a40,115b6a40,waldo_1,5.0,2,0,2,0.0,0.0,1.0,0.0,1.0,0.0,0.0,0.0,0.3952530026435852,0.11884456127882004,0.43550217151641846,0.20524245500564575,0.5087571144104004
2025-09-26_19-12-44-115b6a40,115b6a40,waldo_1,5.0,2,2,2,0.0,0.0,1.0,0.0,0.0,0.0,1.0,0.0,0.1901250034570694,0.1666756123304367,0.5321466326713562,0.18843819200992584,0.6745834350585938
2025-09-26_19-12-44-115b6a40,115b6a40,waldo_1,5.0,2,2,2,0.0,0.0,1.0,0.0,0.0,0.0,1.0,0.0,0.18025000393390656,0.0916237086057663,0.576230525970459,0.16670480370521545,0.7635922431945801
2025-09-26_19-12-44-115b6a40,115b6a40,waldo_1,5.0,2,2,2,0.0,0.0,1.0,0.0,0.0,0.0,1.0,0.0,0.20024999976158142,0.07971570640802383,-0.04634448513388634,0.24557709693908691,0.7520269751548767
2025-09-26_19-12-44-115b6a40,115b6a40,waldo_1,5.0,2,2,2,0.0,0.0,1.0,0.0,0.0,0.0,1.0,0.0,0.33024999499320984,0.13482548296451569,-0.3751623332500458,0.29710903763771057,0.6274381875991821
2025-09-26_19-12-44-115b6a40,115b6a40,waldo_1,5.0,2,2,2,0.0,0.0,1.0,0.0,0.0,0.0,1.0,0.0,0.18024399876594543,0.12094572931528091,0.572631299495697,0.2697507441043854,0.7452489733695984
2025-09-26_19-12-44-115b6a40,115b6a40,waldo_1,5.0,2,2,0,0.0,0.0,1.0,0.0,0.0,0.0,1.0,0.0,0.2602500021457672,0.05775175243616104,0.38244467973709106,0.2905975580215454,0.7991068959236145
2025-09-26_19-12-44-115b6a40,115b6a40,waldo_1,5.0,0,2,0,1.0,0.0,0.0,0.0,0.0,0.0,1.0,0.0,0.23025000095367432,0.317085325717926,-0.5199332237243652,0.27075400948524475,0.48264309763908386
2025-09-26_19-12-44-115b6a40,115b6a40,waldo_1,5.0,0,0,0,1.0,0.0,0.0,0.0,1.0,0.0,0.0,0.0,0.2602500021457672,0.11603821069002151,-0.4864780604839325,0.27568188309669495,0.3667095899581909
2025-09-26_19-12-44-115b6a40,115b6a40,waldo_1,5.0,0,0,0,1.0,0.0,0.0,0.0,1.0,0.0,0.0,0.0,0.23025000095367432,0.016680823639035225,0.03055896796286106,0.29228588938713074,0.36830854415893555
2025-09-26_19-12-44-115b6a40,115b6a40,waldo_1,5.0,0,0,0,1.0,0.0,0.0,0.0,1.0,0.0,0.0,0.0,0.2602590024471283,0.06812068819999695,-0.4609656035900116,0.30061861872673035,0.3006994128227234
2025-09-26_19-12-44-115b6a40,115b6a40,waldo_1,5.0,0,0,0,1.0,0.0,0.0,0.0,1.0,0.0,0.0,0.0,0.16512499749660492,0.04569857567548752,-0.3429465889930725,0.3222624361515045,0.26045137643814087
2025-09-26_19-12-44-115b6a40,115b6a40,waldo_2,5.0,1,0,1,0.0,1.0,0.0,0.0,1.0,0.0,0.0,0.0,0.17525100708007812,0.16326451301574707,-0.3195132315158844,0.5527275204658508,0.25206902623176575
2025-09-26_19-12-44-115b6a40,115b6a40,waldo_2,5.0,1,1,1,0.0,1.0,0.0,0.0,0.0,1.0,0.0,0.0,0.21025000512599945,0.12360163778066635,0.2440938651561737,0.6417335867881775,0.337831974029541
2025-09-26_19-12-44-115b6a40,115b6a40,waldo_2,5.0,1,1,1,0.0,1.0,0.0,0.0,0.0,1.0,0.0,0.0,0.135111004114151,0.09176406264305115,-0.5691066980361938,0.6219673156738281,0.24822205305099487
2025-09-26_19-12-44-115b6a40,115b6a40,waldo_3,5.0,1,0,1,0.0,1.0,0.0,0.0,1.0,0.0,0.0,0.0,0.2202489972114563,0.16555006802082062,-0.11783207952976227,0.573898434638977,0.2673755884170532
2025-09-26_19-12-44-115b6a40,115b6a40,waldo_3,5.0,1,1,1,0.0,1.0,0.0,0.0,0.0,1.0,0.0,0.0,0.15512500703334808,0.044863808900117874,0.08861694484949112,0.6170348525047302,0.27970486879348755
2025-09-26_19-12-44-115b6a40,115b6a40,waldo_3,5.0,1,1,0,0.0,1.0,0.0,0.0,0.0,1.0,0.0,0.0,0.3003750145435333,0.10338151454925537,-0.8874812722206116,0.5200453400611877,0.2439170628786087
2025-09-26_19-12-44-115b6a40,115b6a40,waldo_3,5.0,0,1,1,1.0,0.0,0.0,0.0,0.0,1.0,0.0,0.0,0.2202499955892563,0.08281920850276947,0.7091461420059204,0.4694605767726898,0.3094930052757263
2025-09-26_19-12-44-115b6a40,115b6a40,waldo_3,5.0,1,0,1,0.0,1.0,0.0,0.0,1.0,0.0,0.0,0.0,0.3152399957180023,0.0935450866818428,0.3857801854610443,0.5023118257522583,0.3970799744129181
2025-09-26_19-12-44-115b6a40,115b6a40,waldo_3,5.0,1,1,1,0.0,1.0,0.0,0.0,0.0,1.0,0.0,0.0,0.2752450108528137,0.05538364499807358,-0.28380393981933594,0.537102222442627,0.35398730635643005
2025-09-26_19-12-44-115b6a40,115b6a40,waldo_3,5.0,1,1,0,0.0,1.0,0.0,0.0,0.0,1.0,0.0,0.0,0.13512499630451202,0.073551245033741,-0.5943751931190491,0.5156131982803345,0.2836452126502991
2025-09-26_19-12-44-115b6a40,115b6a40,waldo_3,5.0,0,1,1,1.0,0.0,0.0,0.0,0.0,1.0,0.0,0.0,0.18512499332427979,0.09058082848787308,0.5891642570495605,0.49057042598724365,0.37069547176361084
2025-09-26_19-12-44-115b6a40,115b6a40,waldo_3,5.0,1,0,0,0.0,1.0,0.0,0.0,1.0,0.0,0.0,0.0,0.20512500405311584,0.16457952558994293,-0.2616153359413147,0.6026225686073303,0.25015196204185486
2025-09-26_19-12-44-115b6a40,115b6a40,waldo_3,5.0,0,1,1,1.0,0.0,0.0,0.0,0.0,1.0,0.0,0.0,0.19512499868869781,0.16880828142166138,-0.8260015249252319,0.4584130644798279,0.1624031960964203
2025-09-26_19-12-44-115b6a40,115b6a40,waldo_3,5.0,1,0,1,0.0,1.0,0.0,0.0,1.0,0.0,0.0,0.0,0.29037898778915405,0.18582779169082642,0.2661874294281006,0.5829638838768005,0.3003127872943878
2025-09-26_19-12-44-115b6a40,115b6a40,waldo_3,5.0,1,1,1,0.0,1.0,0.0,0.0,0.0,1.0,0.0,0.0,0.24025000631809235,0.09741629660129547,0.5805946588516235,0.5585612058639526,0.39462316036224365
2025-09-26_19-12-44-115b6a40,115b6a40,waldo_3,5.0,1,1,3,0.0,1.0,0.0,0.0,0.0,1.0,0.0,0.0,0.15012499690055847,0.07446053624153137,0.04347147420048714,0.632328450679779,0.4047606289386749
2025-09-26_19-12-44-115b6a40,115b6a40,waldo_3,5.0,3,1,1,0.0,0.0,0.0,1.0,0.0,1.0,0.0,0.0,0.2902590036392212,0.14605416357517242,0.7654593586921692,0.5241605043411255,0.5029008984565735
2025-09-26_19-12-44-115b6a40,115b6a40,waldo_3,5.0,1,3,1,0.0,1.0,0.0,0.0,0.0,0.0,0.0,1.0,0.2502500116825104,0.22004622220993042,-0.34964683651924133,0.624276876449585,0.306949257850647
2025-09-26_19-12-44-115b6a40,115b6a40,waldo_3,5.0,1,1,0,0.0,1.0,0.0,0.0,0.0,1.0,0.0,0.0,0.23524999618530273,0.052405089139938354,-0.05453391745686531,0.6759147644042969,0.29801487922668457
2025-09-26_19-12-44-115b6a40,115b6a40,waldo_4,5.0,1,1,0,0.0,1.0,0.0,0.0,0.0,1.0,0.0,0.0,0.11512500047683716,0.07747464627027512,-0.18862055242061615,0.5690919160842896,0.3039126396179199
2025-09-26_19-12-44-115b6a40,115b6a40,waldo_4,5.0,0,1,1,1.0,0.0,0.0,0.0,0.0,1.0,0.0,0.0,0.24525000154972076,0.12212518602609634,-0.9215960502624512,0.45065271854400635,0.2741348445415497
2025-09-26_19-12-44-115b6a40,115b6a40,waldo_4,5.0,1,0,1,0.0,1.0,0.0,0.0,1.0,0.0,0.0,0.0,0.13012300431728363,0.17252802848815918,0.32792845368385315,0.5394412279129028,0.4220622777938843
2025-09-26_19-12-44-115b6a40,115b6a40,waldo_4,5.0,1,1,1,0.0,1.0,0.0,0.0,0.0,1.0,0.0,0.0,0.250247985124588,0.12048006057739258,-0.4008551836013794,0.5763636231422424,0.3073793053627014
2025-09-26_19-17-52-c0419fea,c0419fea,waldo_1,5.0,3,3,1,0.0,0.0,0.0,1.0,0.0,0.0,0.0,1.0,0.4253750145435333,0.032874785363674164,-0.3378502130508423,0.8064008355140686,0.6766302585601807
2025-09-26_19-17-52-c0419fea,c0419fea,waldo_1,5.0,1,3,3,0.0,1.0,0.0,0.0,0.0,0.0,0.0,1.0,0.4954969882965088,0.2612225115299225,-0.5082771182060242,0.7996089458465576,0.4154960513114929
2025-09-26_19-17-52-c0419fea,c0419fea,waldo_1,5.0,3,1,3,0.0,0.0,0.0,1.0,0.0,1.0,0.0,0.0,0.2902500033378601,0.261665940284729,0.5969032645225525,0.7211745381355286,0.6651300191879272
2025-09-26_19-17-52-c0419fea,c0419fea,waldo_1,5.0,3,3,3,0.0,0.0,0.0,1.0,0.0,0.0,0.0,1.0,0.300246000289917,0.0819728747010231,-0.43493279814720154,0.7378145456314087,0.5848638415336609
2025-09-26_19-17-52-c0419fea,c0419fea,waldo_1,5.0,3,3,1,0.0,0.0,0.0,1.0,0.0,0.0,0.0,1.0,0.4255000054836273,0.07029099017381668,-0.19707374274730682,0.79505854845047,0.5440723299980164
2025-09-26_19-17-52-c0419fea,c0419fea,waldo_1,5.0,1,3,2,0.0,1.0,0.0,0.0,0.0,0.0,0.0,1.0,0.4904929995536804,0.12308864295482635,-0.32054904103279114,0.8608334064483643,0.4400315582752228
2025-09-26_19-17-52-c0419fea,c0419fea,waldo_1,5.0,2,1,3,0.0,0.0,1.0,0.0,0.0,1.0,0.0,0.0,0.3553749918937683,0.5570688247680664,0.9435797333717346,0.3124925196170807,0.538255512714386
2025-09-26_19-17-52-c0419fea,c0419fea,waldo_1,5.0,3,2,2,0.0,0.0,0.0,1.0,0.0,0.0,1.0,0.0,0.49549999833106995,0.2824341952800751,0.2509452998638153,0.511609673500061,0.7385588884353638
2025-09-26_19-17-52-c0419fea,c0419fea,waldo_2,5.0,0,0,1,1.0,0.0,0.0,0.0,1.0,0.0,0.0,0.0,0.2552500069141388,0.142211452126503,-0.4755394756793976,0.48397359251976013,0.2634279429912567
2025-09-26_19-17-52-c0419fea,c0419fea,waldo_2,5.0,1,0,3,0.0,1.0,0.0,0.0,1.0,0.0,0.0,0.0,0.2952499985694885,0.2796631455421448,-0.0989198163151741,0.7502407431602478,0.17791035771369934
2025-09-26_19-17-52-c0419fea,c0419fea,waldo_2,5.0,3,1,3,0.0,0.0,0.0,1.0,0.0,1.0,0.0,0.0,0.3202440142631531,0.619117021560669,0.520200788974762,0.7109763026237488,0.7957810759544373
2025-09-26_19-17-52-c0419fea,c0419fea,waldo_2,5.0,3,3,2,0.0,0.0,0.0,1.0,0.0,0.0,0.0,1.0,0.23524999618530273,0.08715783059597015,0.8946494460105896,0.6285486817359924,0.8241037726402283
2025-09-26_19-17-52-c0419fea,c0419fea,waldo_2,5.0,2,3,2,0.0,0.0,1.0,0.0,0.0,0.0,0.0,1.0,0.41049298644065857,0.12950848042964935,0.996963381767273,0.49904611706733704,0.8253392577171326
2025-09-26_19-17-52-c0419fea,c0419fea,waldo_2,5.0,2,2,2,0.0,0.0,1.0,0.0,0.0,0.0,1.0,0.0,0.4253750145435333,0.1332147717475891,-0.9495114684104919,0.3675035834312439,0.8042979836463928
2025-09-26_19-17-52-c0419fea,c0419fea,waldo_2,5.0,2,2,2,0.0,0.0,1.0,0.0,0.0,0.0,1.0,0.0,0.26524999737739563,0.1815493106842041,0.8505349159240723,0.205603688955307,0.8864476680755615
2025-09-26_19-17-52-c0419fea,c0419fea,waldo_2,5.0,2,2,2,0.0,0.0,1.0,0.0,0.0,0.0,1.0,0.0,0.17012499272823334,0.17522737383842468,-0.5172152519226074,0.19613142311573029,0.7114765048027039
2025-09-26_19-17-52-c0419fea,c0419fea,waldo_2,5.0,2,2,2,0.0,0.0,1.0,0.0,0.0,0.0,1.0,0.0,0.6106259822845459,0.11251203715801239,0.4285290837287903,0.22118230164051056,0.8211643099784851
2025-09-26_19-17-52-c0419fea,c0419fea,waldo_2,5.0,2,2,0,0.0,0.0,1.0,0.0,0.0,0.0,1.0,0.0,0.650629997253418,0.3882291316986084,-0.2647897005081177,0.48265498876571655,0.5341906547546387
2025-09-26_19-17-52-c0419fea,c0419fea,waldo_3,5.0,3,1,3,0.0,0.0,0.0,1.0,0.0,1.0,0.0,0.0,0.28037500381469727,0.3649364709854126,0.5815820097923279,0.5728721022605896,0.5219791531562805
2025-09-26_19-17-52-c0419fea,c0419fea,waldo_3,5.0,3,3,3,0.0,0.0,0.0,1.0,0.0,0.0,0.0,1.0,0.24024799466133118,0.17478179931640625,0.48980167508125305,0.5784709453582764,0.6966712474822998
2025-09-26_19-17-52-c0419fea,c0419fea,waldo_3,5.0,3,3,3,0.0,0.0,0.0,1.0,0.0,0.0,0.0,1.0,0.20012499392032623,0.2004052847623825,0.04760303348302841,0.7766394019126892,0.726530134677887
2025-09-26_19-17-52-c0419fea,c0419fea,waldo_3,5.0,3,3,2,0.0,0.0,0.0,1.0,0.0,0.0,0.0,1.0,0.1501220017671585,0.14060546457767487,0.6807109713554382,0.7010342478752136,0.8450786471366882
2025-09-26_19-17-52-c0419fea,c0419fea,waldo_3,5.0,2,3,2,0.0,0.0,1.0,0.0,0.0,0.0,0.0,1.0,0.33037498593330383,0.3056805729866028,0.9434757828712463,0.4001605808734894,0.8990753889083862
2025-09-26_19-17-52-c0419fea,c0419fea,waldo_3,5.0,2,2,2,0.0,0.0,1.0,0.0,0.0,0.0,1.0,0.0,0.33037498593330383,0.17873699963092804,-0.7132799625396729,0.2891619801521301,0.7589817047119141
2025-09-26_19-17-52-c0419fea,c0419fea,waldo_3,5.0,2,2,0,0.0,0.0,1.0,0.0,0.0,0.0,1.0,0.0,0.12012500315904617,0.04424795135855675,-0.06621555238962173,0.33245599269866943,0.749843418598175
2025-09-26_19-17-52-c0419fea,c0419fea,waldo_3,5.0,0,2,0,1.0,0.0,0.0,0.0,0.0,0.0,1.0,0.0,0.2252500057220459,0.3439820408821106,-0.43748739361763,0.39957693219184875,0.41247355937957764
2025-09-26_19-17-52-c0419fea,c0419fea,waldo_3,5.0,0,0,0,1.0,0.0,0.0,0.0,1.0,0.0,0.0,0.0,0.25025099515914917,0.2663843333721161,-0.675752580165863,0.25985488295555115,0.1856732815504074
2025-09-26_19-17-52-c0419fea,c0419fea,waldo_3,5.0,0,0,2,1.0,0.0,0.0,0.0,1.0,0.0,0.0,0.0,0.2952499985694885,0.10191610455513,-0.6947228312492371,0.2013252079486847,0.10223965346813202
2025-09-26_19-17-52-c0419fea,c0419fea,waldo_3,5.0,2,0,2,0.0,0.0,1.0,0.0,1.0,0.0,0.0,0.0,0.27524998784065247,0.40806373953819275,0.5039382576942444,0.19627660512924194,0.5102721452713013
2025-09-26_19-17-52-c0419fea,c0419fea,waldo_3,5.0,2,2,1,0.0,0.0,1.0,0.0,0.0,0.0,1.0,0.0,0.22012999653816223,0.23361685872077942,0.11064869910478592,0.4159204959869385,0.5898548364639282
2025-09-26_19-17-52-c0419fea,c0419fea,waldo_3,5.0,1,2,2,0.0,1.0,0.0,0.0,0.0,0.0,1.0,0.0,0.19512499868869781,0.30022162199020386,-0.3107922375202179,0.5840515494346619,0.3411281108856201
2025-09-26_19-17-52-c0419fea,c0419fea,waldo_3,5.0,2,1,2,0.0,0.0,1.0,0.0,0.0,1.0,0.0,0.0,0.24524599313735962,0.3490758240222931,0.771228551864624,0.3213168978691101,0.5709637403488159
2025-09-26_19-17-52-c0419fea,c0419fea,waldo_4,5.0,1,1,0,0.0,1.0,0.0,0.0,0.0,1.0,0.0,0.0,0.31037500500679016,0.10672544687986374,-0.36063382029533386,0.5582354664802551,0.36157944798469543
2025-09-26_19-17-52-c0419fea,c0419fea,waldo_4,5.0,0,1,1,1.0,0.0,0.0,0.0,0.0,1.0,0.0,0.0,0.49549999833106995,0.10213524103164673,-0.8636220097541809,0.46533188223838806,0.3191467523574829
2025-09-26_19-17-52-c0419fea,c0419fea,waldo_4,5.0,1,0,1,0.0,1.0,0.0,0.0,1.0,0.0,0.0,0.0,0.28025099635124207,0.117156483232975,0.04579836502671242,0.5812777876853943,0.33594509959220886
2025-09-26_19-27-31-2699d4a1,2699d4a1,waldo_1,5.0,0,0,0,1.0,0.0,0.0,0.0,1.0,0.0,0.0,0.0,0.40037500858306885,0.06208498403429985,0.5607824325561523,0.34003782272338867,0.21066507697105408
2025-09-26_19-27-31-2699d4a1,2699d4a1,waldo_1,5.0,0,0,0,1.0,0.0,0.0,0.0,1.0,0.0,0.0,0.0,0.3503740131855011,0.05950017273426056,-0.03676013648509979,0.39914166927337646,0.20380893349647522
2025-09-26_19-27-31-2699d4a1,2699d4a1,waldo_1,5.0,0,0,1,1.0,0.0,0.0,0.0,1.0,0.0,0.0,0.0,0.515500009059906,0.0792686864733696,-0.007723861839622259,0.4783870279788971,0.2018856555223465
2025-09-26_19-27-31-2699d4a1,2699d4a1,waldo_1,5.0,1,0,1,0.0,1.0,0.0,0.0,1.0,0.0,0.0,0.0,0.30524900555610657,0.07683665305376053,0.02964148111641407,0.5548907518386841,0.20903046429157257
2025-09-26_19-27-31-2699d4a1,2699d4a1,waldo_1,5.0,1,1,1,0.0,1.0,0.0,0.0,0.0,1.0,0.0,0.0,0.21012499928474426,0.014568419195711613,0.10708768665790558,0.5686424970626831,0.21383972465991974
2025-09-26_19-27-31-2699d4a1,2699d4a1,waldo_1,5.0,1,1,1,0.0,1.0,0.0,0.0,0.0,1.0,0.0,0.0,0.43537500500679016,0.03503017872571945,-0.5433568954467773,0.5638858079910278,0.17913399636745453
2025-09-26_19-27-31-2699d4a1,2699d4a1,waldo_1,5.0,1,1,1,0.0,1.0,0.0,0.0,0.0,1.0,0.0,0.0,0.28025200963020325,0.03135084733366966,-0.020173488184809685,0.595173716545105,0.17714841663837433
2025-09-26_19-27-31-2699d4a1,2699d4a1,waldo_1,5.0,1,1,1,0.0,1.0,0.0,0.0,0.0,1.0,0.0,0.0,0.23524999618530273,0.04434102401137352,0.18336892127990723,0.6323584914207458,0.2013024240732193
2025-09-26_19-27-31-2699d4a1,2699d4a1,waldo_1,5.0,1,1,1,0.0,1.0,0.0,0.0,0.0,1.0,0.0,0.0,0.5055000185966492,0.05410599708557129,-0.03896038606762886,0.6860597133636475,0.19469650089740753
2025-09-26_19-27-31-2699d4a1,2699d4a1,waldo_1,5.0,1,1,1,0.0,1.0,0.0,0.0,0.0,1.0,0.0,0.0,0.3403730094432831,0.04763594642281532,0.426864355802536,0.6969085931777954,0.24108059704303741
2025-09-26_19-27-31-2699d4a1,2699d4a1,waldo_2,5.0,3,0,3,0.0,0.0,0.0,1.0,1.0,0.0,0.0,0.0,0.1251250058412552,0.27115756273269653,0.22514992952346802,0.6802080869674683,0.5467740893363953
2025-09-26_19-27-31-2699d4a1,2699d4a1,waldo_2,5.0,3,3,1,0.0,0.0,0.0,1.0,0.0,0.0,0.0,1.0,0.1652500033378601,0.09935087710618973,0.5656465888023376,0.6598634123802185,0.644019603729248
2025-09-26_19-27-31-2699d4a1,2699d4a1,waldo_2,5.0,1,3,1,0.0,1.0,0.0,0.0,0.0,0.0,0.0,1.0,0.16512499749660492,0.4436541795730591,-0.5335928797721863,0.6131292581558228,0.20283377170562744
2025-09-26_19-27-31-2699d4a1,2699d4a1,waldo_2,5.0,1,1,1,0.0,1.0,0.0,0.0,0.0,1.0,0.0,0.0,0.21512499451637268,0.05778104439377785,0.9663215279579163,0.5556712746620178,0.20893584191799164
2025-09-26_19-27-31-2699d4a1,2699d4a1,waldo_2,5.0,1,1,1,0.0,1.0,0.0,0.0,0.0,1.0,0.0,0.0,0.1602499932050705,0.08157030493021011,-0.46544593572616577,0.5645087957382202,0.12784568965435028
2025-09-26_19-27-31-2699d4a1,2699d4a1,waldo_2,5.0,1,1,0,0.0,1.0,0.0,0.0,0.0,1.0,0.0,0.0,0.30524998903274536,0.02843712456524372,-0.21310833096504211,0.5868072509765625,0.11019778996706009
2025-09-26_19-27-31-2699d4a1,2699d4a1,waldo_2,5.0,0,1,0,1.0,0.0,0.0,0.0,0.0,1.0,0.0,0.0,0.7106249928474426,0.3930298388004303,-0.9768587350845337,0.19481559097766876,0.08164948225021362
2025-09-26_19-27-31-2699d4a1,2699d4a1,waldo_3,5.0,1,1,0,0.0,1.0,0.0,0.0,0.0,1.0,0.0,0.0,0.2952499985694885,0.18317735195159912,-0.6729618906974792,0.614205002784729,0.2293364554643631
2025-09-26_19-27-31-2699d4a1,2699d4a1,waldo_3,5.0,0,1,0,1.0,0.0,0.0,0.0,0.0,1.0,0.0,0.0,0.3153719902038574,0.23568671941757202,-0.905505895614624,0.38882744312286377,0.1603931486606598
2025-09-26_19-27-31-2699d4a1,2699d4a1,waldo_3,5.0,0,0,3,1.0,0.0,0.0,0.0,1.0,0.0,0.0,0.0,0.19512100517749786,0.07999562472105026,-0.2674054801464081,0.44221681356430054,0.10082073509693146
2025-09-26_19-27-31-2699d4a1,2699d4a1,waldo_3,5.0,3,0,0,0.0,0.0,0.0,1.0,1.0,0.0,0.0,0.0,0.3552510142326355,0.5007602572441101,0.3625430762767792,0.6518034338951111,0.5556111335754395
2025-09-26_19-27-31-2699d4a1,2699d4a1,waldo_3,5.0,0,3,0,1.0,0.0,0.0,0.0,0.0,0.0,0.0,1.0,0.21012499928474426,0.6086655855178833,-0.6565144658088684,0.36443454027175903,0.0190545916557312
2025-09-26_19-27-31-2699d4a1,2699d4a1,waldo_3,5.0,0,0,1,1.0,0.0,0.0,0.0,1.0,0.0,0.0,0.0,0.2051199972629547,0.096088707447052,0.583900511264801,0.3393996059894562,0.11182469129562378
2025-09-26_19-27-31-2699d4a1,2699d4a1,waldo_3,5.0,1,0,1,0.0,1.0,0.0,0.0,1.0,0.0,0.0,0.0,0.1902489960193634,0.18184824287891388,-0.1330748349428177,0.5055862665176392,0.03799527883529663
2025-09-26_19-27-31-2699d4a1,2699d4a1,waldo_3,5.0,1,1,1,0.0,1.0,0.0,0.0,0.0,1.0,0.0,0.0,0.2552439868450165,0.08669928461313248,0.14487512409687042,0.5834595561027527,0.07610714435577393
2025-09-26_19-27-31-2699d4a1,2699d4a1,waldo_3,5.0,1,1,0,0.0,1.0,0.0,0.0,0.0,1.0,0.0,0.0,0.0751200020313263,0.03311551734805107,-0.9742858409881592,0.5504520535469055,0.07343486696481705
2025-09-26_19-27-31-2699d4a1,2699d4a1,waldo_3,5.0,0,1,0,1.0,0.0,0.0,0.0,0.0,1.0,0.0,0.0,0.23024499416351318,0.37830546498298645,0.9075006246566772,0.18800762295722961,0.18182799220085144
2025-09-26_19-27-31-2699d4a1,2699d4a1,waldo_3,5.0,0,0,0,1.0,0.0,0.0,0.0,1.0,0.0,0.0,0.0,0.17524999380111694,0.09128415584564209,-0.322730153799057,0.23625726997852325,0.10433755069971085
2025-09-26_19-27-31-2699d4a1,2699d4a1,waldo_3,5.0,0,0,1,1.0,0.0,0.0,0.0,1.0,0.0,0.0,0.0,0.20524999499320984,0.08135926723480225,0.33690351247787476,0.2761440873146057,0.17524856328964233
2025-09-26_19-27-31-2699d4a1,2699d4a1,waldo_3,5.0,1,0,1,0.0,1.0,0.0,0.0,1.0,0.0,0.0,0.0,0.5354999899864197,0.4441679120063782,-0.07240302860736847,0.7088711857795715,0.07508671283721924
2025-09-26_19-27-31-2699d4a1,2699d4a1,waldo_3,5.0,1,1,1,0.0,1.0,0.0,0.0,0.0,1.0,0.0,0.0,0.15012499690055847,0.09193659573793411,0.9868720173835754,0.6170127391815186,0.07887735962867737
2025-09-26_19-27-31-2699d4a1,2699d4a1,waldo_4,5.0,0,0,0,1.0,0.0,0.0,0.0,1.0,0.0,0.0,0.0,0.17512500286102295,0.25611066818237305,0.45233553647994995,0.33114397525787354,0.44223108887672424
2025-09-26_19-27-31-2699d4a1,2699d4a1,waldo_4,5.0,0,0,0,1.0,0.0,0.0,0.0,1.0,0.0,0.0,0.0,0.20024999976158142,0.19857440888881683,-0.4984164535999298,0.33213183283805847,0.2436591386795044
2025-09-26_19-27-31-2699d4a1,2699d4a1,waldo_4,5.0,0,0,0,1.0,0.0,0.0,0.0,1.0,0.0,0.0,0.0,0.3803749978542328,0.09377589821815491,-0.9851524829864502,0.23845794796943665,0.23928657174110413
2025-09-26_19-27-31-2699d4a1,2699d4a1,waldo_4,5.0,0,0,0,1.0,0.0,0.0,0.0,1.0,0.0,0.0,0.0,0.37537500262260437,0.05543111637234688,-0.7864673733711243,0.19503849744796753,0.20482845604419708
2025-09-26_19-27-31-2699d4a1,2699d4a1,waldo_4,5.0,0,0,0,1.0,0.0,0.0,0.0,1.0,0.0,0.0,0.0,0.2252490073442459,0.026080459356307983,0.0030251075513660908,0.2211177945137024,0.20507632195949554
2025-09-26_19-27-31-2699d4a1,2699d4a1,waldo_4,5.0,0,0,0,1.0,0.0,0.0,0.0,1.0,0.0,0.0,0.0,0.2202499955892563,0.04808135703206062,0.7593044638633728,0.18613998591899872,0.23806677758693695
2025-09-26_19-27-31-2699d4a1,2699d4a1,waldo_4,5.0,0,0,0,1.0,0.0,0.0,0.0,1.0,0.0,0.0,0.0,0.28025001287460327,0.16030515730381012,-0.035581160336732864,0.3454446792602539,0.22018492221832275
2025-09-26_19-27-31-2699d4a1,2699d4a1,waldo_4,5.0,0,0,0,1.0,0.0,0.0,0.0,1.0,0.0,0.0,0.0,0.15525400638580322,0.08937012404203415,0.1776011437177658,0.42126110196113586,0.2675018012523651
2025-09-26_19-27-31-2699d4a1,2699d4a1,waldo_4,5.0,0,0,0,1.0,0.0,0.0,0.0,1.0,0.0,0.0,0.0,0.36037498712539673,0.03890903666615486,-0.15894417464733124,0.4554193615913391,0.24887043237686157
2025-09-26_19-27-31-2699d4a1,2699d4a1,waldo_4,5.0,0,0,0,1.0,0.0,0.0,0.0,1.0,0.0,0.0,0.0,0.27024999260902405,0.15056566894054413,0.9596089720726013,0.3060642182826996,0.26792481541633606
2025-09-26_19-27-31-2699d4a1,2699d4a1,waldo_4,5.0,0,0,1,1.0,0.0,0.0,0.0,1.0,0.0,0.0,0.0,0.4503830075263977,0.15686149895191193,-0.9804744720458984,0.14949774742126465,0.2583087682723999
2025-09-26_19-29-58-b4f7a1df,b4f7a1df,waldo_1,5.0,0,0,0,1.0,0.0,0.0,0.0,1.0,0.0,0.0,0.0,0.18012499809265137,0.05300414189696312,-0.17540596425533295,0.2891708314418793,0.4111766815185547
2025-09-26_19-29-58-b4f7a1df,b4f7a1df,waldo_1,5.0,0,0,0,1.0,0.0,0.0,0.0,1.0,0.0,0.0,0.0,0.11513400077819824,0.13832056522369385,0.06584147363901138,0.4245428442955017,0.43958431482315063
2025-09-26_19-29-58-b4f7a1df,b4f7a1df,waldo_1,5.0,0,0,0,1.0,0.0,0.0,0.0,1.0,0.0,0.0,0.0,0.18512499332427979,0.35272136330604553,-0.7151374220848083,0.20388761162757874,0.16440504789352417
2025-09-26_19-29-58-b4f7a1df,b4f7a1df,waldo_1,5.0,0,0,2,1.0,0.0,0.0,0.0,1.0,0.0,0.0,0.0,0.2502399981021881,0.35703200101852417,0.28959476947784424,0.42307403683662415,0.44623684883117676
2025-09-26_19-29-58-b4f7a1df,b4f7a1df,waldo_1,5.0,2,0,0,0.0,0.0,1.0,0.0,1.0,0.0,0.0,0.0,0.24525000154972076,0.10147980600595474,0.24968399107456207,0.49490228295326233,0.5179226398468018
2025-09-26_19-29-58-b4f7a1df,b4f7a1df,waldo_1,5.0,0,2,2,1.0,0.0,0.0,0.0,0.0,0.0,1.0,0.0,0.3152570128440857,0.2602965235710144,-0.5473738312721252,0.4563054144382477,0.2605035901069641
2025-09-26_19-29-58-b4f7a1df,b4f7a1df,waldo_1,5.0,2,0,2,0.0,0.0,1.0,0.0,1.0,0.0,0.0,0.0,0.2552419900894165,0.6171203255653381,0.5287702679634094,0.4006032347679138,0.8751049041748047
2025-09-26_19-29-58-b4f7a1df,b4f7a1df,waldo_1,5.0,2,2,2,0.0,0.0,1.0,0.0,0.0,0.0,1.0,0.0,0.36037498712539673,0.1756463199853897,0.9676792621612549,0.22586160898208618,0.8929091691970825
2025-09-26_19-29-58-b4f7a1df,b4f7a1df,waldo_1,5.0,2,2,2,0.0,0.0,1.0,0.0,0.0,0.0,1.0,0.0,0.26024898886680603,0.09536392986774445,-0.569692850112915,0.20514841377735138,0.7998219132423401
2025-09-26_19-29-58-b4f7a1df,b4f7a1df,waldo_1,5.0,2,2,2,0.0,0.0,1.0,0.0,0.0,0.0,1.0,0.0,0.26026099920272827,0.2473973035812378,0.15474940836429596,0.4238807260990143,0.9154143333435059
2025-09-26_19-29-58-b4f7a1df,b4f7a1df,waldo_1,5.0,2,2,3,0.0,0.0,1.0,0.0,0.0,0.0,1.0,0.0,0.18025000393390656,0.05127529799938202,-0.030875012278556824,0.4749149978160858,0.9104485511779785
2025-09-26_19-29-58-b4f7a1df,b4f7a1df,waldo_1,5.0,3,2,3,0.0,0.0,0.0,1.0,0.0,0.0,1.0,0.0,0.2502500116825104,0.04230347275733948,-0.21733854711055756,0.5077347159385681,0.8837568163871765
2025-09-26_19-29-58-b4f7a1df,b4f7a1df,waldo_1,5.0,3,3,3,0.0,0.0,0.0,1.0,0.0,0.0,0.0,1.0,0.21025000512599945,0.23137201368808746,0.07395097613334656,0.7328906655311584,0.9370278120040894
2025-09-26_19-29-58-b4f7a1df,b4f7a1df,waldo_1,5.0,3,3,3,0.0,0.0,0.0,1.0,0.0,0.0,0.0,1.0,0.41037699580192566,0.045690253376960754,-0.23807041347026825,0.7663863897323608,0.9059531092643738
2025-09-26_19-29-58-b4f7a1df,b4f7a1df,waldo_1,5.0,3,3,3,0.0,0.0,0.0,1.0,0.0,0.0,0.0,1.0,0.2252500057220459,0.15376852452754974,-0.5076335072517395,0.7626991868019104,0.7522287964820862
2025-09-26_19-29-58-b4f7a1df,b4f7a1df,waldo_2,5.0,0,3,2,1.0,0.0,0.0,0.0,0.0,0.0,0.0,1.0,0.5705000162124634,0.4581306278705597,-0.6957951784133911,0.471821665763855,0.37345147132873535
2025-09-26_19-29-58-b4f7a1df,b4f7a1df,waldo_2,5.0,2,0,0,0.0,0.0,1.0,0.0,1.0,0.0,0.0,0.0,0.3702490031719208,0.29815542697906494,0.5726552605628967,0.40435612201690674,0.6638736724853516
2025-09-26_19-29-58-b4f7a1df,b4f7a1df,waldo_2,5.0,0,2,0,1.0,0.0,0.0,0.0,0.0,0.0,1.0,0.0,0.27024999260902405,0.5123346447944641,-0.5532994270324707,0.3189685046672821,0.15870463848114014
2025-09-26_19-29-58-b4f7a1df,b4f7a1df,waldo_2,5.0,0,0,0,1.0,0.0,0.0,0.0,1.0,0.0,0.0,0.0,0.23025000095367432,0.12279438972473145,-0.8262885808944702,0.21401019394397736,0.09496912360191345
2025-09-26_19-29-58-b4f7a1df,b4f7a1df,waldo_2,5.0,0,0,1,1.0,0.0,0.0,0.0,1.0,0.0,0.0,0.0,0.4205000102519989,0.22657141089439392,0.06387560814619064,0.43603500723838806,0.1401309370994568
2025-09-26_19-29-58-b4f7a1df,b4f7a1df,waldo_3,5.0,0,1,1,1.0,0.0,0.0,0.0,0.0,1.0,0.0,0.0,0.26525598764419556,0.2572546601295471,0.6735577583312988,0.49535152316093445,0.46405962109565735
2025-09-26_19-29-58-b4f7a1df,b4f7a1df,waldo_3,5.0,1,0,1,0.0,1.0,0.0,0.0,1.0,0.0,0.0,0.0,0.24024400115013123,0.09857995808124542,-0.4017351269721985,0.5253028869628906,0.37013983726501465
2025-09-26_19-29-58-b4f7a1df,b4f7a1df,waldo_3,5.0,1,1,2,0.0,1.0,0.0,0.0,0.0,1.0,0.0,0.0,0.25025099515914917,0.09735748171806335,-0.4693955183029175,0.5346490740776062,0.27323201298713684
2025-09-26_19-29-58-b4f7a1df,b4f7a1df,waldo_3,5.0,2,1,3,0.0,0.0,1.0,0.0,0.0,1.0,0.0,0.0,0.27524998784065247,0.5258439779281616,0.5761663913726807,0.4100204408168793,0.7840936183929443
2025-09-26_19-29-58-b4f7a1df,b4f7a1df,waldo_3,5.0,3,2,3,0.0,0.0,0.0,1.0,0.0,0.0,1.0,0.0,0.21512000262737274,0.21325184404850006,0.11870139837265015,0.6086156368255615,0.8617873191833496
2025-09-26_19-29-58-b4f7a1df,b4f7a1df,waldo_3,5.0,3,3,3,0.0,0.0,0.0,1.0,0.0,0.0,0.0,1.0,0.19513200223445892,0.13973870873451233,-0.11803470551967621,0.7388564944267273,0.8111492395401001
2025-09-26_19-29-58-b4f7a1df,b4f7a1df,waldo_3,5.0,3,3,1,0.0,0.0,0.0,1.0,0.0,0.0,0.0,1.0,0.17512400448322296,0.2177678495645523,-0.4716530740261078,0.7582240700721741,0.5942443609237671
2025-09-26_19-29-58-b4f7a1df,b4f7a1df,waldo_3,5.0,1,3,1,0.0,1.0,0.0,0.0,0.0,0.0,0.0,1.0,0.20024900138378143,0.16546788811683655,-0.4841156303882599,0.7664778828620911,0.4289824366569519
2025-09-26_19-29-58-b4f7a1df,b4f7a1df,waldo_3,5.0,1,1,1,0.0,1.0,0.0,0.0,0.0,1.0,0.0,0.0,0.20525899529457092,0.22161200642585754,-0.49946048855781555,0.7668535113334656,0.20737074315547943
2025-09-26_19-29-58-b4f7a1df,b4f7a1df,waldo_3,5.0,1,1,1,0.0,1.0,0.0,0.0,0.0,1.0,0.0,0.0,0.18512499332427979,0.05284097418189049,-0.322622150182724,0.7947986125946045,0.16252391040325165
2025-09-26_19-29-58-b4f7a1df,b4f7a1df,waldo_3,5.0,1,1,0,0.0,1.0,0.0,0.0,0.0,1.0,0.0,0.0,0.3152500092983246,0.2625085115432739,0.9788677096366882,0.5328683853149414,0.17993880808353424
2025-09-26_19-29-58-b4f7a1df,b4f7a1df,waldo_3,5.0,0,1,2,1.0,0.0,0.0,0.0,0.0,1.0,0.0,0.0,0.08012499660253525,0.20122526586055756,0.9805999398231506,0.3320167362689972,0.19219531118869781
2025-09-26_19-29-58-b4f7a1df,b4f7a1df,waldo_3,5.0,2,0,0,0.0,0.0,1.0,0.0,1.0,0.0,0.0,0.0,0.21025000512599945,0.5827341675758362,0.6364777088165283,0.08975028991699219,0.7221821546554565
2025-09-26_19-29-58-b4f7a1df,b4f7a1df,waldo_3,5.0,0,2,2,1.0,0.0,0.0,0.0,0.0,0.0,1.0,0.0,0.26524999737739563,0.45612871646881104,-0.40964049100875854,0.21750076115131378,0.28430864214897156
2025-09-26_19-29-58-b4f7a1df,b4f7a1df,waldo_3,5.0,2,0,2,0.0,0.0,1.0,0.0,1.0,0.0,0.0,0.0,0.2202640026807785,0.4255730211734772,0.5339431762695312,0.17220547795295715,0.707464337348938
2025-09-26_19-29-58-b4f7a1df,b4f7a1df,waldo_4,5.0,0,0,0,1.0,0.0,0.0,0.0,1.0,0.0,0.0,0.0,0.42537400126457214,0.0326460637152195,-0.5333977341651917,0.44474613666534424,0.3914266526699066
2025-09-26_19-29-58-b4f7a1df,b4f7a1df,waldo_4,5.0,0,0,2,1.0,0.0,0.0,0.0,1.0,0.0,0.0,0.0,0.21012499928474426,0.1295773684978485,0.7557262182235718,0.3514877259731293,0.481388658285141
2025-09-26_19-29-58-b4f7a1df,b4f7a1df,waldo_4,5.0,2,0,0,0.0,0.0,1.0,0.0,1.0,0.0,0.0,0.0,0.1301250010728836,0.23078268766403198,0.532848596572876,0.32771390676498413,0.7109435796737671
2025-09-26_19-29-58-b4f7a1df,b4f7a1df,waldo_4,5.0,0,2,1,1.0,0.0,0.0,0.0,0.0,0.0,1.0,0.0,0.19512400031089783,0.4054949879646301,-0.3734496235847473,0.48471295833587646,0.33707529306411743
2025-09-26_19-29-58-b4f7a1df,b4f7a1df,waldo_4,5.0,1,0,1,0.0,1.0,0.0,0.0,1.0,0.0,0.0,0.0,0.25024300813674927,0.09030661731958389,0.0022596344351768494,0.5750173330307007,0.33771637082099915
2025-09-26_19-37-31-91230d39,91230d39,waldo_1,5.0,1,0,1,0.0,1.0,0.0,0.0,1.0,0.0,0.0,0.0,0.07512500137090683,0.07758015394210815,0.15710073709487915,0.5040658712387085,0.480141282081604
2025-09-26_19-37-31-91230d39,91230d39,waldo_1,5.0,1,1,1,0.0,1.0,0.0,0.0,0.0,1.0,0.0,0.0,0.14512400329113007,0.21974822878837585,-0.19166317582130432,0.6851674914360046,0.3556765019893646
2025-09-26_19-37-31-91230d39,91230d39,waldo_1,5.0,1,1,1,0.0,1.0,0.0,0.0,0.0,1.0,0.0,0.0,0.320250004529953,0.08431386947631836,-0.09758801013231277,0.765549898147583,0.3302304446697235
2025-09-26_19-37-31-91230d39,91230d39,waldo_1,5.0,1,1,1,0.0,1.0,0.0,0.0,0.0,1.0,0.0,0.0,0.21512499451637268,0.11830271035432816,0.8823390603065491,0.6552377343177795,0.3729711174964905
2025-09-26_19-37-31-91230d39,91230d39,waldo_1,5.0,1,1,1,0.0,1.0,0.0,0.0,0.0,1.0,0.0,0.0,0.26023998856544495,0.09258617460727692,-0.6265190243721008,0.6193987131118774,0.2876026928424835
2025-09-26_19-37-31-91230d39,91230d39,waldo_1,5.0,1,1,0,0.0,1.0,0.0,0.0,0.0,1.0,0.0,0.0,0.640625,0.0734107494354248,0.6300732493400574,0.5902283191680908,0.3549690544605255
2025-09-26_19-37-31-91230d39,91230d39,waldo_1,5.0,0,1,1,1.0,0.0,0.0,0.0,0.0,1.0,0.0,0.0,0.43037399649620056,0.09363380819559097,-0.9706537127494812,0.4969921410083771,0.3463487923145294
2025-09-26_19-37-31-91230d39,91230d39,waldo_1,5.0,1,0,1,0.0,1.0,0.0,0.0,1.0,0.0,0.0,0.0,0.43549901247024536,0.14422692358493805,0.15155041217803955,0.6251788139343262,0.4124515950679779
2025-09-26_19-37-31-91230d39,91230d39,waldo_1,5.0,1,1,1,0.0,1.0,0.0,0.0,0.0,1.0,0.0,0.0,0.12012899667024612,0.04506642743945122,-0.21463832259178162,0.6603820323944092,0.3843141198158264
2025-09-26_19-37-31-91230d39,91230d39,waldo_1,5.0,1,1,1,0.0,1.0,0.0,0.0,0.0,1.0,0.0,0.0,0.4805000126361847,0.16012436151504517,-0.08983403444290161,0.8141717314720154,0.33972102403640747
2025-09-26_19-37-31-91230d39,91230d39,waldo_1,5.0,1,1,3,0.0,1.0,0.0,0.0,0.0,1.0,0.0,0.0,0.2952499985694885,0.02474016509950161,-0.38267579674720764,0.8230854868888855,0.3166424632072449
2025-09-26_19-37-31-91230d39,91230d39,waldo_1,5.0,3,1,3,0.0,0.0,0.0,1.0,0.0,1.0,0.0,0.0,0.20025600492954254,0.2847677767276764,0.562462568283081,0.7675629258155823,0.5959450006484985
2025-09-26_19-37-31-91230d39,91230d39,waldo_2,5.0,0,0,1,1.0,0.0,0.0,0.0,1.0,0.0,0.0,0.0,0.18024399876594543,0.02611543796956539,0.8780459761619568,0.45270344614982605,0.3647710084915161
2025-09-26_19-37-31-91230d39,91230d39,waldo_2,5.0,1,0,1,0.0,1.0,0.0,0.0,1.0,0.0,0.0,0.0,0.1251160055398941,0.1137847751379013,-0.025538144633173943,0.5661221742630005,0.3556517958641052
2025-09-26_19-37-31-91230d39,91230d39,waldo_2,5.0,1,1,1,0.0,1.0,0.0,0.0,0.0,1.0,0.0,0.0,0.5554999709129333,0.11617425084114075,-0.411763995885849,0.5979150533676147,0.2439124882221222
2025-09-26_19-37-31-91230d39,91230d39,waldo_3,5.0,0,0,0,1.0,0.0,0.0,0.0,1.0,0.0,0.0,0.0,0.15012499690055847,0.044114768505096436,0.9241278171539307,0.4090422987937927,0.24439102411270142
2025-09-26_19-37-31-91230d39,91230d39,waldo_3,5.0,0,0,0,1.0,0.0,0.0,0.0,1.0,0.0,0.0,0.0,0.3352609872817993,0.19302122294902802,-0.8818423748016357,0.22916744649410248,0.17437511682510376
2025-09-26_19-37-31-91230d39,91230d39,waldo_3,5.0,0,0,0,1.0,0.0,0.0,0.0,1.0,0.0,0.0,0.0,0.20024999976158142,0.0650513544678688,0.6849074959754944,0.19346857070922852,0.2287558913230896
2025-09-26_19-37-31-91230d39,91230d39,waldo_3,5.0,0,0,0,1.0,0.0,0.0,0.0,1.0,0.0,0.0,0.0,0.2652519941329956,0.07736463099718094,-0.4834122061729431,0.1974983811378479,0.1514962762594223
2025-09-26_19-37-31-91230d39,91230d39,waldo_3,5.0,0,0,0,1.0,0.0,0.0,0.0,1.0,0.0,0.0,0.0,0.15512500703334808,0.05934198945760727,-0.5055258870124817,0.19646824896335602,0.09216323494911194
2025-09-26_19-37-31-91230d39,91230d39,waldo_3,5.0,0,0,2,1.0,0.0,0.0,0.0,1.0,0.0,0.0,0.0,0.5506259799003601,0.10988184064626694,0.4450022876262665,0.21535935997962952,0.20040899515151978
2025-09-26_19-37-31-91230d39,91230d39,waldo_3,5.0,2,0,2,0.0,0.0,1.0,0.0,1.0,0.0,0.0,0.0,0.35038501024246216,0.4221768379211426,0.37843695282936096,0.37269866466522217,0.5921711921691895
2025-09-26_19-37-31-91230d39,91230d39,waldo_3,5.0,2,2,3,0.0,0.0,1.0,0.0,0.0,0.0,1.0,0.0,0.23025000095367432,0.19188657402992249,0.7727935314178467,0.22765429317951202,0.7178000211715698
2025-09-26_19-37-31-91230d39,91230d39,waldo_3,5.0,3,2,3,0.0,0.0,0.0,1.0,0.0,0.0,1.0,0.0,0.18012499809265137,0.45441246032714844,0.14579139649868011,0.6352308988571167,0.9187277555465698
2025-09-26_19-37-31-91230d39,91230d39,waldo_3,5.0,3,3,1,0.0,0.0,0.0,1.0,0.0,0.0,0.0,1.0,0.12011799961328506,0.2505050599575043,-0.38157522678375244,0.726294219493866,0.6853605508804321
2025-09-26_19-37-31-91230d39,91230d39,waldo_3,5.0,1,3,1,0.0,1.0,0.0,0.0,0.0,0.0,0.0,1.0,0.22012899816036224,0.47881609201431274,-0.5214701294898987,0.6940223574638367,0.20763327181339264
2025-09-26_19-37-31-91230d39,91230d39,waldo_3,5.0,1,1,1,0.0,1.0,0.0,0.0,0.0,1.0,0.0,0.0,0.24012500047683716,0.09187836199998856,-0.7294704914093018,0.6333768367767334,0.13861331343650818
2025-09-26_19-37-31-91230d39,91230d39,waldo_4,5.0,0,0,0,1.0,0.0,0.0,0.0,1.0,0.0,0.0,0.0,0.30024901032447815,0.2098320871591568,0.09188968688249588,0.4741919934749603,0.3054558038711548
2025-09-26_19-37-31-91230d39,91230d39,waldo_4,5.0,0,0,1,1.0,0.0,0.0,0.0,1.0,0.0,0.0,0.0,0.11512500047683716,0.021941158920526505,-0.72101229429245,0.4601524770259857,0.28859439492225647
2025-09-26_19-39-21-36589e44,36589e44,waldo_1,5.0,1,0,1,0.0,1.0,0.0,0.0,1.0,0.0,0.0,0.0,0.3153750002384186,0.09397323429584503,-0.16206319630146027,0.5522128343582153,0.35025811195373535
2025-09-26_19-39-21-36589e44,36589e44,waldo_1,5.0,1,1,1,0.0,1.0,0.0,0.0,0.0,1.0,0.0,0.0,0.25024598836898804,0.05992373451590538,0.11071644723415375,0.6085480451583862,0.3706834018230438
2025-09-26_19-39-21-36589e44,36589e44,waldo_1,5.0,1,1,1,0.0,1.0,0.0,0.0,0.0,1.0,0.0,0.0,0.22026200592517853,0.07795897126197815,-0.18478500843048096,0.6737356185913086,0.3279261887073517
2025-09-26_19-39-21-36589e44,36589e44,waldo_1,5.0,1,1,1,0.0,1.0,0.0,0.0,0.0,1.0,0.0,0.0,1.1159989833831787,0.07960037142038345,-0.9624112248420715,0.594689667224884,0.3185481131076813
2025-09-26_19-39-21-36589e44,36589e44,waldo_1,5.0,1,1,1,0.0,1.0,0.0,0.0,0.0,1.0,0.0,0.0,0.7607499957084656,0.069491907954216,0.48393359780311584,0.5981956720352173,0.387951523065567
2025-09-26_19-39-21-36589e44,36589e44,waldo_2,5.0,2,0,3,0.0,0.0,1.0,0.0,1.0,0.0,0.0,0.0,0.3853749930858612,0.19750460982322693,0.5030688643455505,0.497214674949646,0.5407506227493286
2025-09-26_19-39-21-36589e44,36589e44,waldo_2,5.0,3,2,3,0.0,0.0,0.0,1.0,0.0,0.0,1.0,0.0,0.18512499332427979,0.05468365177512169,0.10340064764022827,0.5490384101867676,0.5582034587860107
2025-09-26_19-39-21-36589e44,36589e44,waldo_2,5.0,3,3,3,0.0,0.0,0.0,1.0,0.0,0.0,0.0,1.0,0.17512500286102295,0.04323570802807808,0.8027328848838806,0.5138431191444397,0.5833155512809753
2025-09-26_19-39-21-36589e44,36589e44,waldo_2,5.0,3,3,3,0.0,0.0,0.0,1.0,0.0,0.0,0.0,1.0,0.34037500619888306,0.22608591616153717,0.1305423527956009,0.7211812138557434,0.673458456993103
2025-09-26_19-39-21-36589e44,36589e44,waldo_2,5.0,3,3,3,0.0,0.0,0.0,1.0,0.0,0.0,0.0,1.0,0.11511900275945663,0.07439424842596054,0.7055010795593262,0.6764197945594788,0.7328799962997437
2025-09-26_19-39-21-36589e44,36589e44,waldo_2,5.0,3,3,3,0.0,0.0,0.0,1.0,0.0,0.0,0.0,1.0,0.21025000512599945,0.13628558814525604,0.8652763962745667,0.5521600246429443,0.7888556122779846
2025-09-26_19-39-21-36589e44,36589e44,waldo_2,5.0,3,3,3,0.0,0.0,0.0,1.0,0.0,0.0,0.0,1.0,0.10512500256299973,0.05701042339205742,-0.6856463551521301,0.5207632780075073,0.7412695288658142
2025-09-26_19-39-21-36589e44,36589e44,waldo_2,5.0,3,3,1,0.0,0.0,0.0,1.0,0.0,0.0,0.0,1.0,0.11512500047683716,0.11403688043355942,-0.40903693437576294,0.5529097318649292,0.6318573951721191
2025-09-26_19-39-21-36589e44,36589e44,waldo_2,5.0,1,3,1,0.0,1.0,0.0,0.0,0.0,0.0,0.0,1.0,0.1250070035457611,0.23800529539585114,-0.42106950283050537,0.6113243699073792,0.40113192796707153
2025-09-26_19-39-21-36589e44,36589e44,waldo_2,5.0,1,1,1,0.0,1.0,0.0,0.0,0.0,1.0,0.0,0.0,0.4503749907016754,0.0837835893034935,-0.5724053978919983,0.5924301743507385,0.31950655579566956
2025-09-26_19-39-21-36589e44,36589e44,waldo_2,5.0,1,1,0,0.0,1.0,0.0,0.0,0.0,1.0,0.0,0.0,0.34037500619888306,0.06945846974849701,-0.9328354001045227,0.5245122313499451,0.3049590587615967
2025-09-26_19-39-21-36589e44,36589e44,waldo_2,5.0,0,1,0,1.0,0.0,0.0,0.0,0.0,1.0,0.0,0.0,0.23024499416351318,0.0639195442199707,0.9158805012702942,0.46281173825263977,0.3216550946235657
2025-09-26_19-39-21-36589e44,36589e44,waldo_2,5.0,0,0,0,1.0,0.0,0.0,0.0,1.0,0.0,0.0,0.0,0.27524200081825256,0.14636056125164032,-0.553636372089386,0.43826597929000854,0.17736747860908508
2025-09-26_19-39-21-36589e44,36589e44,waldo_3,5.0,2,1,3,0.0,0.0,1.0,0.0,0.0,1.0,0.0,0.0,0.1301410049200058,0.30145254731178284,0.5093256235122681,0.4944896996021271,0.668233335018158
2025-09-26_19-39-21-36589e44,36589e44,waldo_3,5.0,3,2,3,0.0,0.0,0.0,1.0,0.0,0.0,1.0,0.0,0.3002530038356781,0.09377098828554153,0.4254155158996582,0.5162610411643982,0.7594419121742249
2025-09-26_19-39-21-36589e44,36589e44,waldo_3,5.0,3,3,3,0.0,0.0,0.0,1.0,0.0,0.0,0.0,1.0,0.17511199414730072,0.13429558277130127,-0.33246564865112305,0.58372563123703,0.6433219909667969
2025-09-26_19-39-21-36589e44,36589e44,waldo_3,5.0,3,3,3,0.0,0.0,0.0,1.0,0.0,0.0,0.0,1.0,0.13011999428272247,0.034097082912921906,-0.47810229659080505,0.5860694646835327,0.6093055605888367
2025-09-26_19-39-21-36589e44,36589e44,waldo_3,5.0,3,3,3,0.0,0.0,0.0,1.0,0.0,0.0,0.0,1.0,0.19524900615215302,0.05581241846084595,-0.4077605605125427,0.6020172834396362,0.5558201670646667
2025-09-26_19-39-21-36589e44,36589e44,waldo_3,5.0,3,3,1,0.0,0.0,0.0,1.0,0.0,0.0,0.0,1.0,0.20024999976158142,0.06224178895354271,-0.031624775379896164,0.6639521718025208,0.5496464371681213
2025-09-26_19-39-21-36589e44,36589e44,waldo_3,5.0,1,3,1,0.0,1.0,0.0,0.0,0.0,0.0,0.0,1.0,0.13512499630451202,0.10487474501132965,-0.5676639080047607,0.6418261528015137,0.44713228940963745
2025-09-26_19-39-21-36589e44,36589e44,waldo_3,5.0,1,1,1,0.0,1.0,0.0,0.0,0.0,1.0,0.0,0.0,0.20524999499320984,0.17524124681949615,-0.46667975187301636,0.6601366996765137,0.27285027503967285
2025-09-26_19-39-21-36589e44,36589e44,waldo_3,5.0,1,1,1,0.0,1.0,0.0,0.0,0.0,1.0,0.0,0.0,0.2952499985694885,0.07715067267417908,-0.6946649551391602,0.6158411502838135,0.20968280732631683
2025-09-26_19-39-21-36589e44,36589e44,waldo_3,5.0,1,1,1,0.0,1.0,0.0,0.0,0.0,1.0,0.0,0.0,0.20024999976158142,0.06514640152454376,0.586823046207428,0.5982911586761475,0.2724207639694214
2025-09-26_19-39-21-36589e44,36589e44,waldo_4,5.0,1,0,1,0.0,1.0,0.0,0.0,1.0,0.0,0.0,0.0,0.36537501215934753,0.21181544661521912,0.1584162712097168,0.5196754336357117,0.4012381434440613
2025-09-26_19-39-21-36589e44,36589e44,waldo_4,5.0,1,1,1,0.0,1.0,0.0,0.0,0.0,1.0,0.0,0.0,0.23024499416351318,0.1281553953886032,-0.4539390504360199,0.5381554961204529,0.27442216873168945
2025-09-26_19-39-21-36589e44,36589e44,waldo_4,5.0,1,1,1,0.0,1.0,0.0,0.0,0.0,1.0,0.0,0.0,0.1251250058412552,0.11181332916021347,0.41579779982566833,0.5673896074295044,0.38234615325927734
2025-09-26_19-39-21-36589e44,36589e44,waldo_4,5.0,1,1,1,0.0,1.0,0.0,0.0,0.0,1.0,0.0,0.0,0.19512900710105896,0.0969369113445282,-0.41088318824768066,0.5941757559776306,0.2891835570335388
2025-09-26_19-39-21-36589e44,36589e44,waldo_4,5.0,1,1,1,0.0,1.0,0.0,0.0,0.0,1.0,0.0,0.0,0.17512500286102295,0.08468291163444519,-0.46149057149887085,0.6043958067893982,0.20511962473392487
2025-09-26_19-39-21-36589e44,36589e44,waldo_4,5.0,1,1,1,0.0,1.0,0.0,0.0,0.0,1.0,0.0,0.0,0.20024999976158142,0.039606135338544846,0.11193151772022247,0.6415783762931824,0.2187615931034088
2025-09-26_19-39-21-36589e44,36589e44,waldo_4,5.0,1,1,1,0.0,1.0,0.0,0.0,0.0,1.0,0.0,0.0,0.7757499814033508,0.0801214948296547,0.6324625015258789,0.6091904044151306,0.29204511642456055
2025-09-26_19-39-21-36589e44,36589e44,waldo_4,5.0,1,1,1,0.0,1.0,0.0,0.0,0.0,1.0,0.0,0.0,0.37037399411201477,0.05898091197013855,0.6740841865539551,0.5785177946090698,0.34242305159568787
2025-09-26_19-39-21-36589e44,36589e44,waldo_4,5.0,1,1,1,0.0,1.0,0.0,0.0,0.0,1.0,0.0,0.0,0.3903830051422119,0.12554319202899933,0.6756607294082642,0.5126996040344238,0.44932985305786133
2025-09-26_19-39-21-36589e44,36589e44,waldo_4,5.0,1,1,1,0.0,1.0,0.0,0.0,0.0,1.0,0.0,0.0,0.300244003534317,0.2531603276729584,-0.37307459115982056,0.6109928488731384,0.21603046357631683
2025-09-26_19-39-21-36589e44,36589e44,waldo_4,5.0,1,1,1,0.0,1.0,0.0,0.0,0.0,1.0,0.0,0.0,0.17512500286102295,0.028842443600296974,-0.24366900324821472,0.6317890882492065,0.1960454285144806
2025-09-26_20-20-21-410567f0,410567f0,waldo_1,5.0,2,1,1,0.0,0.0,1.0,0.0,0.0,1.0,0.0,0.0,0.36537501215934753,0.5319608449935913,0.7331029772758484,0.45013970136642456,0.6386358737945557
2025-09-26_20-20-21-410567f0,410567f0,waldo_1,5.0,1,2,1,0.0,1.0,0.0,0.0,0.0,0.0,1.0,0.0,0.18512499332427979,0.20502839982509613,-0.34573230147361755,0.5456615090370178,0.45721858739852905
2025-09-26_20-20-21-410567f0,410567f0,waldo_1,5.0,1,1,1,0.0,1.0,0.0,0.0,0.0,1.0,0.0,0.0,0.21012499928474426,0.2731488049030304,-0.01631213165819645,0.8184517025947571,0.4432269334793091
2025-09-26_20-20-21-410567f0,410567f0,waldo_1,5.0,1,1,3,0.0,1.0,0.0,0.0,0.0,1.0,0.0,0.0,0.46036800742149353,0.2010803371667862,-0.9306097030639648,0.6221303939819336,0.3997385799884796
2025-09-26_20-20-21-410567f0,410567f0,waldo_1,5.0,3,1,1,0.0,0.0,0.0,1.0,0.0,1.0,0.0,0.0,0.3803749978542328,0.15287254750728607,0.6320685148239136,0.5605069398880005,0.5396405458450317
2025-09-26_20-20-21-410567f0,410567f0,waldo_1,5.0,1,3,0,0.0,1.0,0.0,0.0,0.0,0.0,0.0,1.0,0.9660000205039978,0.07703597843647003,-0.2227809727191925,0.6194329261779785,0.4900192618370056
2025-09-26_20-20-21-410567f0,410567f0,waldo_1,5.0,0,1,0,1.0,0.0,0.0,0.0,0.0,1.0,0.0,0.0,0.360370010137558,0.22756944596767426,-0.9375165700912476,0.39623382687568665,0.44563430547714233
2025-09-26_20-20-21-410567f0,410567f0,waldo_1,5.0,0,0,0,1.0,0.0,0.0,0.0,1.0,0.0,0.0,0.0,0.6606240272521973,0.06090209633111954,0.09624593704938889,0.4543730616569519,0.46376967430114746
2025-09-26_20-20-21-410567f0,410567f0,waldo_1,5.0,0,0,0,1.0,0.0,0.0,0.0,1.0,0.0,0.0,0.0,0.49049198627471924,0.21997936069965363,-0.9727983474731445,0.23519645631313324,0.44499385356903076
2025-09-26_20-20-21-410567f0,410567f0,waldo_2,5.0,0,2,3,1.0,0.0,0.0,0.0,0.0,0.0,1.0,0.0,1.0109950304031372,1.2380797863006592,-0.2144359052181244,0.49935948848724365,0.3815942108631134
2025-09-26_20-20-21-410567f0,410567f0,waldo_2,5.0,3,0,3,0.0,0.0,0.0,1.0,1.0,0.0,0.0,0.0,0.2552500069141388,0.16374319791793823,0.36698514223098755,0.5658101439476013,0.531247615814209
2025-09-26_20-20-21-410567f0,410567f0,waldo_2,5.0,3,3,3,0.0,0.0,0.0,1.0,0.0,0.0,0.0,1.0,0.23512500524520874,0.3303244113922119,0.3996603190898895,0.6682211756706238,0.8452956676483154
2025-09-26_20-20-21-410567f0,410567f0,waldo_2,5.0,3,3,3,0.0,0.0,0.0,1.0,0.0,0.0,0.0,1.0,0.1901250034570694,0.20234130322933197,0.028926845639944077,0.8697275519371033,0.8636584281921387
2025-09-26_20-20-21-410567f0,410567f0,waldo_2,5.0,3,3,3,0.0,0.0,0.0,1.0,0.0,0.0,0.0,1.0,0.36537501215934753,0.03708096966147423,0.8734950423240662,0.8355366587638855,0.8780105113983154
2025-09-26_20-20-21-410567f0,410567f0,waldo_2,5.0,3,3,1,0.0,0.0,0.0,1.0,0.0,0.0,0.0,1.0,0.36037498712539673,0.09886560589075089,-0.7536976337432861,0.7648207545280457,0.8089187741279602
2025-09-26_20-20-21-410567f0,410567f0,waldo_2,5.0,1,3,1,0.0,1.0,0.0,0.0,0.0,0.0,0.0,1.0,0.24524499475955963,0.520312488079071,-0.487925261259079,0.7845535278320312,0.2889806032180786
2025-09-26_20-20-21-410567f0,410567f0,waldo_2,5.0,1,1,1,0.0,1.0,0.0,0.0,0.0,1.0,0.0,0.0,0.23524600267410278,0.12450157105922699,-0.7667820453643799,0.6920006275177002,0.20570632815361023
2025-09-26_20-20-21-410567f0,410567f0,waldo_3,5.0,1,1,1,0.0,1.0,0.0,0.0,0.0,1.0,0.0,0.0,0.2202499955892563,0.06204259395599365,0.9220999479293823,0.618812084197998,0.2905932068824768
2025-09-26_20-20-21-410567f0,410567f0,waldo_3,5.0,1,1,3,0.0,1.0,0.0,0.0,0.0,1.0,0.0,0.0,0.19011999666690826,0.07744891196489334,0.5504205226898193,0.6065953969955444,0.36707252264022827
2025-09-26_20-20-21-410567f0,410567f0,waldo_3,5.0,3,1,3,0.0,0.0,0.0,1.0,0.0,1.0,0.0,0.0,0.2102459967136383,0.18661130964756012,0.5313224196434021,0.5882620215415955,0.5527810454368591
2025-09-26_20-20-21-410567f0,410567f0,waldo_3,5.0,3,3,3,0.0,0.0,0.0,1.0,0.0,0.0,0.0,1.0,0.31037500500679016,0.19337506592273712,0.421491801738739,0.6354741454124451,0.7403042316436768
2025-09-26_20-20-21-410567f0,410567f0,waldo_3,5.0,3,3,3,0.0,0.0,0.0,1.0,0.0,0.0,0.0,1.0,0.40037500858306885,0.21154242753982544,0.23005130887031555,0.794131875038147,0.8802253007888794
2025-09-26_20-20-21-410567f0,410567f0,waldo_3,5.0,3,3,1,0.0,0.0,0.0,1.0,0.0,0.0,0.0,1.0,0.10011599957942963,0.07763317972421646,0.6690943241119385,0.7548036575317383,0.9471595883369446
2025-09-26_20-20-21-410567f0,410567f0,waldo_3,5.0,1,3,1,0.0,1.0,0.0,0.0,0.0,0.0,0.0,1.0,0.1902409940958023,0.7387265563011169,-0.5301733613014221,0.6848828196525574,0.21174950897693634
2025-09-26_20-20-21-410567f0,410567f0,waldo_3,5.0,1,1,0,0.0,1.0,0.0,0.0,0.0,1.0,0.0,0.0,0.18011599779129028,0.07013227045536041,-0.6252635717391968,0.6579906940460205,0.1469779908657074
2025-09-26_20-20-21-410567f0,410567f0,waldo_3,5.0,0,1,0,1.0,0.0,0.0,0.0,0.0,1.0,0.0,0.0,0.23013000190258026,0.25094935297966003,0.9476063847541809,0.41043317317962646,0.18809780478477478
2025-09-26_20-20-21-410567f0,410567f0,waldo_3,5.0,0,0,0,1.0,0.0,0.0,0.0,1.0,0.0,0.0,0.0,0.23025000095367432,0.10464192181825638,0.9577305316925049,0.3067125380039215,0.2019527703523636
2025-09-26_20-20-21-410567f0,410567f0,waldo_3,5.0,0,0,1,1.0,0.0,0.0,0.0,1.0,0.0,0.0,0.0,0.11512500047683716,0.05407002940773964,-0.11537797749042511,0.357269287109375,0.18278032541275024
2025-09-26_20-20-21-410567f0,410567f0,waldo_3,5.0,1,0,2,0.0,1.0,0.0,0.0,1.0,0.0,0.0,0.0,0.24525000154972076,0.16110625863075256,0.08687888830900192,0.512411892414093,0.22620843350887299
2025-09-26_20-20-21-410567f0,410567f0,waldo_4,5.0,1,1,0,0.0,1.0,0.0,0.0,0.0,1.0,0.0,0.0,0.15012000501155853,0.022283796221017838,-0.35551053285598755,0.6339963674545288,0.4090680480003357
2025-09-26_20-20-21-410567f0,410567f0,waldo_4,5.0,0,1,0,1.0,0.0,0.0,0.0,0.0,1.0,0.0,0.0,0.15011799335479736,0.3673178553581238,-0.8340408802032471,0.31548234820365906,0.22611670196056366
2025-09-26_20-20-21-410567f0,410567f0,waldo_4,5.0,0,0,0,1.0,0.0,0.0,0.0,1.0,0.0,0.0,0.0,0.4855000078678131,0.05445129796862602,0.6331599950790405,0.2933621108531952,0.27587249875068665
2025-09-26_20-20-21-410567f0,410567f0,waldo_4,5.0,0,0,1,1.0,0.0,0.0,0.0,1.0,0.0,0.0,0.0,0.2252500057220459,0.15372875332832336,0.010759061202406883,0.4470030665397644,0.2810676097869873
2025-09-26_20-20-21-410567f0,410567f0,waldo_4,5.0,1,0,1,0.0,1.0,0.0,0.0,1.0,0.0,0.0,0.0,0.17511600255966187,0.128400519490242,0.057663653045892715,0.5733024477958679,0.3042010962963104
2025-09-26_20-20-21-410567f0,410567f0,waldo_4,5.0,1,1,0,0.0,1.0,0.0,0.0,0.0,1.0,0.0,0.0,0.23012399673461914,0.19396109879016876,0.45352765917778015,0.6015197038650513,0.49609869718551636
2025-09-26_20-20-21-410567f0,410567f0,waldo_4,5.0,0,1,0,1.0,0.0,0.0,0.0,0.0,1.0,0.0,0.0,0.13512499630451202,0.17939946055412292,-0.7011209726333618,0.4955609142780304,0.35133373737335205
2025-09-26_20-20-21-410567f0,410567f0,waldo_4,5.0,0,0,0,1.0,0.0,0.0,0.0,1.0,0.0,0.0,0.0,0.39537501335144043,0.060609519481658936,-0.6990382075309753,0.46008384227752686,0.30219218134880066
2025-09-26_20-20-21-410567f0,410567f0,waldo_4,5.0,0,0,0,1.0,0.0,0.0,0.0,1.0,0.0,0.0,0.0,0.3753789961338043,0.24369174242019653,0.9170769453048706,0.22461460530757904,0.36496078968048096
2025-09-26_20-20-21-410567f0,410567f0,waldo_4,5.0,0,0,0,1.0,0.0,0.0,0.0,1.0,0.0,0.0,0.0,0.20024999976158142,0.15716597437858582,0.0879378616809845,0.37582099437713623,0.40783002972602844
2025-09-26_20-20-21-410567f0,410567f0,waldo_4,5.0,0,0,0,1.0,0.0,0.0,0.0,1.0,0.0,0.0,0.0,0.40036600828170776,0.08119134604930878,0.48977750539779663,0.37842798233032227,0.4889795184135437
2025-09-26_20-20-21-410567f0,410567f0,waldo_4,5.0,0,0,2,1.0,0.0,0.0,0.0,1.0,0.0,0.0,0.0,0.11512500047683716,0.04429664462804794,-0.11438439041376114,0.4198952317237854,0.4734019339084625
2025-09-26_20-20-21-410567f0,410567f0,waldo_4,5.0,2,0,2,0.0,0.0,1.0,0.0,1.0,0.0,0.0,0.0,0.30037400126457214,0.2970103323459625,0.43026334047317505,0.4844461977481842,0.763312816619873
2025-09-26_20-20-21-410567f0,410567f0,waldo_4,5.0,2,2,2,0.0,0.0,1.0,0.0,0.0,0.0,1.0,0.0,0.2852500081062317,0.12468280643224716,-0.7961187362670898,0.38447678089141846,0.6888015866279602
